店舗名,日付,Nのつく日,都道府県,機種名,台番号,G数,差枚,BB,RB,ART,BB確率,RB確率,ART確率,合成確率
123横浜西口店,2023-04-04,4,神奈川県,マイジャグラーV,586,399,0,1,1,0,1/399.0,1/399.0,1/0.0,1/199.5
123横浜西口店,2023-04-04,4,神奈川県,マイジャグラーV,587,3496,0,13,8,0,1/268.9,1/437.0,1/0.0,1/166.5
123横浜西口店,2023-04-04,4,神奈川県,マイジャグラーV,588,4241,0,21,4,0,1/202.0,1/1060.2,1/0.0,1/169.6
123横浜西口店,2023-04-04,4,神奈川県,マイジャグラーV,589,995,0,2,1,0,1/497.5,1/995.0,1/0.0,1/331.7
123横浜西口店,2023-04-04,4,神奈川県,マイジャグラーV,590,5847,0,20,20,0,1/292.4,1/292.4,1/0.0,1/146.2
123横浜西口店,2023-04-04,4,神奈川県,マイジャグラーV,591,3684,0,15,7,0,1/245.6,1/526.3,1/0.0,1/167.5
123横浜西口店,2023-04-04,4,神奈川県,マイジャグラーV,592,4531,0,16,10,0,1/283.2,1/453.1,1/0.0,1/174.3
123横浜西口店,2023-04-04,4,神奈川県,マイジャグラーV,593,1631,0,5,1,0,1/326.2,1/1631.0,1/0.0,1/271.8
123横浜西口店,2023-04-04,4,神奈川県,マイジャグラーV,594,1828,0,8,3,0,1/228.5,1/609.3,1/0.0,1/166.2
123横浜西口店,2023-04-04,4,神奈川県,マイジャグラーV,595,5968,0,24,24,0,1/248.7,1/248.7,1/0.0,1/124.3
123横浜西口店,2023-04-04,4,神奈川県,マイジャグラーV,596,4291,0,11,17,1,1/390.1,1/252.4,1/4291.0,1/148.0
123横浜西口店,2023-04-04,4,神奈川県,マイジャグラーV,597,3140,0,10,7,0,1/314.0,1/448.6,1/0.0,1/184.7
123横浜西口店,2023-04-04,4,神奈川県,マイジャグラーV,598,8512,0,35,40,0,1/243.2,1/212.8,1/0.0,1/113.5
123横浜西口店,2023-04-04,4,神奈川県,マイジャグラーV,599,7091,0,32,25,0,1/221.6,1/283.6,1/0.0,1/124.4
123横浜西口店,2023-04-04,4,神奈川県,マイジャグラーV,600,1866,0,4,3,0,1/466.5,1/622.0,1/0.0,1/266.6
123横浜西口店,2023-04-04,4,神奈川県,マイジャグラーV,601,4910,0,16,30,0,1/306.9,1/163.7,1/0.0,1/106.7
123横浜西口店,2023-04-04,4,神奈川県,マイジャグラーV,602,7621,0,40,31,0,1/190.5,1/245.8,1/0.0,1/107.3
123横浜西口店,2023-04-04,4,神奈川県,マイジャグラーV,603,556,0,1,1,0,1/556.0,1/556.0,1/0.0,1/278.0
123横浜西口店,2023-04-04,4,神奈川県,マイジャグラーV,604,2803,0,13,4,0,1/215.6,1/700.8,1/0.0,1/164.9
123横浜西口店,2023-04-04,4,神奈川県,マイジャグラーV,605,1418,0,3,4,0,1/472.7,1/354.5,1/0.0,1/202.6
123横浜西口店,2023-04-04,4,神奈川県,マイジャグラーV,606,4882,0,15,13,0,1/325.5,1/375.5,1/0.0,1/174.4
123横浜西口店,2023-04-04,4,神奈川県,マイジャグラーV,607,983,0,2,2,0,1/491.5,1/491.5,1/0.0,1/245.8
123横浜西口店,2023-04-04,4,神奈川県,マイジャグラーV,608,3806,0,17,7,0,1/223.9,1/543.7,1/0.0,1/158.6
123横浜西口店,2023-04-04,4,神奈川県,マイジャグラーV,609,5349,0,19,21,0,1/281.5,1/254.7,1/0.0,1/133.7
123横浜西口店,2023-04-04,4,神奈川県,マイジャグラーV,610,5824,0,22,18,0,1/264.7,1/323.6,1/0.0,1/145.6
123横浜西口店,2023-04-04,4,神奈川県,マイジャグラーV,611,3645,0,12,14,0,1/303.8,1/260.4,1/0.0,1/140.2
123横浜西口店,2023-04-04,4,神奈川県,マイジャグラーV,612,4017,0,13,14,0,1/309.0,1/286.9,1/0.0,1/148.8
123横浜西口店,2023-04-04,4,神奈川県,マイジャグラーV,613,5657,0,19,16,0,1/297.7,1/353.6,1/0.0,1/161.6
123横浜西口店,2023-04-04,4,神奈川県,マイジャグラーV,614,3317,0,13,9,0,1/255.2,1/368.6,1/0.0,1/150.8
123横浜西口店,2023-04-04,4,神奈川県,マイジャグラーV,615,1738,0,7,2,0,1/248.3,1/869.0,1/0.0,1/193.1
123横浜西口店,2023-04-04,4,神奈川県,マイジャグラーV,616,2986,0,13,10,0,1/229.7,1/298.6,1/0.0,1/129.8
123横浜西口店,2023-04-04,4,神奈川県,マイジャグラーV,617,7048,0,28,10,0,1/251.7,1/704.8,1/0.0,1/185.5
123横浜西口店,2023-04-04,4,神奈川県,マイジャグラーV,618,5770,0,25,14,0,1/230.8,1/412.1,1/0.0,1/147.9
123横浜西口店,2023-04-04,4,神奈川県,マイジャグラーV,619,1842,0,4,3,0,1/460.5,1/614.0,1/0.0,1/263.1
123横浜西口店,2023-04-04,4,神奈川県,マイジャグラーV,620,3202,0,16,8,0,1/200.1,1/400.2,1/0.0,1/133.4
123横浜西口店,2023-04-04,4,神奈川県,マイジャグラーV,621,1837,0,5,3,0,1/367.4,1/612.3,1/0.0,1/229.6
123横浜西口店,2023-04-04,4,神奈川県,マイジャグラーV,622,2363,0,10,4,0,1/236.3,1/590.8,1/0.0,1/168.8
123横浜西口店,2023-04-04,4,神奈川県,マイジャグラーV,623,3315,0,15,4,0,1/221.0,1/828.8,1/0.0,1/174.5
123横浜西口店,2023-04-04,4,神奈川県,マイジャグラーV,624,894,0,3,0,0,1/298.0,1/0.0,1/0.0,1/298.0
123横浜西口店,2023-04-04,4,神奈川県,マイジャグラーV,625,2653,0,8,3,0,1/331.6,1/884.3,1/0.0,1/241.2
123横浜西口店,2023-04-04,4,神奈川県,甲鉄城のカバネリ,341,5285,0,0,12,47,1/0.0,1/440.4,1/112.4,1/89.6
123横浜西口店,2023-04-04,4,神奈川県,甲鉄城のカバネリ,342,2247,0,0,7,17,1/0.0,1/321.0,1/132.2,1/93.6
123横浜西口店,2023-04-04,4,神奈川県,甲鉄城のカバネリ,343,3938,0,0,10,23,1/0.0,1/393.8,1/171.2,1/119.3
123横浜西口店,2023-04-04,4,神奈川県,甲鉄城のカバネリ,344,8744,0,0,29,62,1/0.0,1/301.5,1/141.0,1/96.1
123横浜西口店,2023-04-04,4,神奈川県,甲鉄城のカバネリ,345,1093,0,0,3,4,1/0.0,1/364.3,1/273.2,1/156.1
123横浜西口店,2023-04-04,4,神奈川県,甲鉄城のカバネリ,346,3882,0,0,9,36,1/0.0,1/431.3,1/107.8,1/86.3
123横浜西口店,2023-04-04,4,神奈川県,甲鉄城のカバネリ,347,589,0,0,1,4,1/0.0,1/589.0,1/147.2,1/117.8
123横浜西口店,2023-04-04,4,神奈川県,甲鉄城のカバネリ,348,7776,0,0,20,81,1/0.0,1/388.8,1/96.0,1/77.0
123横浜西口店,2023-04-04,4,神奈川県,甲鉄城のカバネリ,349,2235,0,0,8,11,1/0.0,1/279.4,1/203.2,1/117.6
123横浜西口店,2023-04-04,4,神奈川県,甲鉄城のカバネリ,350,3929,0,0,12,16,1/0.0,1/327.4,1/245.6,1/140.3
123横浜西口店,2023-04-04,4,神奈川県,甲鉄城のカバネリ,351,2288,0,0,5,23,1/0.0,1/457.6,1/99.5,1/81.7
123横浜西口店,2023-04-04,4,神奈川県,甲鉄城のカバネリ,352,5904,0,0,15,51,1/0.0,1/393.6,1/115.8,1/89.5
123横浜西口店,2023-04-04,4,神奈川県,甲鉄城のカバネリ,353,2745,0,0,8,19,1/0.0,1/343.1,1/144.5,1/101.7
123横浜西口店,2023-04-04,4,神奈川県,甲鉄城のカバネリ,354,3958,0,0,13,20,1/0.0,1/304.5,1/197.9,1/119.9
123横浜西口店,2023-04-04,4,神奈川県,甲鉄城のカバネリ,355,6741,0,0,14,45,1/0.0,1/481.5,1/149.8,1/114.3
123横浜西口店,2023-04-04,4,神奈川県,甲鉄城のカバネリ,356,2335,0,0,7,10,1/0.0,1/333.6,1/233.5,1/137.4
123横浜西口店,2023-04-04,4,神奈川県,甲鉄城のカバネリ,357,6527,0,0,17,44,1/0.0,1/383.9,1/148.3,1/107.0
123横浜西口店,2023-04-04,4,神奈川県,甲鉄城のカバネリ,358,3728,0,0,13,10,1/0.0,1/286.8,1/372.8,1/162.1
123横浜西口店,2023-04-04,4,神奈川県,甲鉄城のカバネリ,359,3150,0,0,11,14,1/0.0,1/286.4,1/225.0,1/126.0
123横浜西口店,2023-04-04,4,神奈川県,甲鉄城のカバネリ,360,7435,0,0,20,43,1/0.0,1/371.8,1/172.9,1/118.0
123横浜西口店,2023-04-04,4,神奈川県,甲鉄城のカバネリ,361,1908,0,0,8,11,1/0.0,1/238.5,1/173.5,1/100.4
123横浜西口店,2023-04-04,4,神奈川県,甲鉄城のカバネリ,362,3177,0,0,9,21,1/0.0,1/353.0,1/151.3,1/105.9
123横浜西口店,2023-04-04,4,神奈川県,甲鉄城のカバネリ,363,3985,0,0,11,34,1/0.0,1/362.3,1/117.2,1/88.6
123横浜西口店,2023-04-04,4,神奈川県,甲鉄城のカバネリ,364,2261,0,0,4,13,1/0.0,1/565.2,1/173.9,1/133.0
123横浜西口店,2023-04-04,4,神奈川県,甲鉄城のカバネリ,365,2576,0,0,4,9,1/0.0,1/644.0,1/286.2,1/198.2
123横浜西口店,2023-04-04,4,神奈川県,甲鉄城のカバネリ,366,5219,0,0,14,27,1/0.0,1/372.8,1/193.3,1/127.3
123横浜西口店,2023-04-04,4,神奈川県,甲鉄城のカバネリ,367,4011,0,0,13,24,1/0.0,1/308.5,1/167.1,1/108.4
123横浜西口店,2023-04-04,4,神奈川県,甲鉄城のカバネリ,453,4860,0,0,17,31,1/0.0,1/285.9,1/156.8,1/101.2
123横浜西口店,2023-04-04,4,神奈川県,甲鉄城のカバネリ,454,6465,0,0,15,50,1/0.0,1/431.0,1/129.3,1/99.5
123横浜西口店,2023-04-04,4,神奈川県,甲鉄城のカバネリ,455,1866,0,0,3,4,1/0.0,1/622.0,1/466.5,1/266.6
123横浜西口店,2023-04-04,4,神奈川県,甲鉄城のカバネリ,456,4729,0,0,12,22,1/0.0,1/394.1,1/215.0,1/139.1
123横浜西口店,2023-04-04,4,神奈川県,甲鉄城のカバネリ,457,514,0,0,1,3,1/0.0,1/514.0,1/171.3,1/128.5
123横浜西口店,2023-04-04,4,神奈川県,甲鉄城のカバネリ,458,2452,0,0,11,15,1/0.0,1/222.9,1/163.5,1/94.3
123横浜西口店,2023-04-04,4,神奈川県,甲鉄城のカバネリ,459,6679,0,0,19,49,1/0.0,1/351.5,1/136.3,1/98.2
123横浜西口店,2023-04-04,4,神奈川県,甲鉄城のカバネリ,460,8865,0,0,22,77,1/0.0,1/403.0,1/115.1,1/89.5
123横浜西口店,2023-04-04,4,神奈川県,甲鉄城のカバネリ,461,8603,0,0,20,71,1/0.0,1/430.1,1/121.2,1/94.5
123横浜西口店,2023-04-04,4,神奈川県,スマスロ北斗の拳,462,6119,0,53,15,0,1/115.5,1/407.9,1/0.0,1/90.0
123横浜西口店,2023-04-04,4,神奈川県,スマスロ北斗の拳,463,7023,0,77,11,0,1/91.2,1/638.5,1/0.0,1/79.8
123横浜西口店,2023-04-04,4,神奈川県,スマスロ北斗の拳,464,7909,0,87,20,0,1/90.9,1/395.4,1/0.0,1/73.9
123横浜西口店,2023-04-04,4,神奈川県,スマスロ北斗の拳,465,7091,0,69,16,0,1/102.8,1/443.2,1/0.0,1/83.4
123横浜西口店,2023-04-04,4,神奈川県,スマスロ北斗の拳,466,7995,0,98,20,0,1/81.6,1/399.8,1/0.0,1/67.8
123横浜西口店,2023-04-04,4,神奈川県,スマスロ北斗の拳,467,7432,0,61,20,0,1/121.8,1/371.6,1/0.0,1/91.8
123横浜西口店,2023-04-04,4,神奈川県,スマスロ北斗の拳,468,7864,0,89,16,0,1/88.4,1/491.5,1/0.0,1/74.9
123横浜西口店,2023-04-04,4,神奈川県,スマスロ北斗の拳,469,7857,0,56,16,0,1/140.3,1/491.1,1/0.0,1/109.1
123横浜西口店,2023-04-04,4,神奈川県,スマスロ北斗の拳,470,8166,0,50,21,0,1/163.3,1/388.9,1/0.0,1/115.0
123横浜西口店,2023-04-04,4,神奈川県,スマスロ北斗の拳,471,7802,0,66,17,0,1/118.2,1/458.9,1/0.0,1/94.0
123横浜西口店,2023-04-04,4,神奈川県,スマスロ北斗の拳,472,6138,0,93,22,0,1/66.0,1/279.0,1/0.0,1/53.4
123横浜西口店,2023-04-04,4,神奈川県,スマスロ北斗の拳,473,7466,0,53,12,0,1/140.9,1/622.2,1/0.0,1/114.9
123横浜西口店,2023-04-04,4,神奈川県,スマスロ北斗の拳,474,7638,0,93,22,0,1/82.1,1/347.2,1/0.0,1/66.4
123横浜西口店,2023-04-04,4,神奈川県,スマスロ北斗の拳,475,7471,0,82,16,0,1/91.1,1/466.9,1/0.0,1/76.2
123横浜西口店,2023-04-04,4,神奈川県,スマスロ北斗の拳,476,6115,0,79,26,0,1/77.4,1/235.2,1/0.0,1/58.2
123横浜西口店,2023-04-04,4,神奈川県,スマスロ北斗の拳,477,8088,0,81,33,0,1/99.9,1/245.1,1/0.0,1/70.9
123横浜西口店,2023-04-04,4,神奈川県,スマスロ北斗の拳,478,8443,0,68,12,0,1/124.2,1/703.6,1/0.0,1/105.5
123横浜西口店,2023-04-04,4,神奈川県,スマスロ北斗の拳,479,7330,0,63,23,0,1/116.3,1/318.7,1/0.0,1/85.2
123横浜西口店,2023-04-04,4,神奈川県,スマスロ北斗の拳,480,7733,0,70,19,0,1/110.5,1/407.0,1/0.0,1/86.9
123横浜西口店,2023-04-04,4,神奈川県,スマスロ北斗の拳,481,7291,0,81,22,0,1/90.0,1/331.4,1/0.0,1/70.8
123横浜西口店,2023-04-04,4,神奈川県,スマスロ北斗の拳,484,7029,0,55,14,0,1/127.8,1/502.1,1/0.0,1/101.9
123横浜西口店,2023-04-04,4,神奈川県,スマスロ北斗の拳,485,6499,0,64,16,0,1/101.5,1/406.2,1/0.0,1/81.2
123横浜西口店,2023-04-04,4,神奈川県,スマスロ北斗の拳,486,7151,0,116,19,0,1/61.6,1/376.4,1/0.0,1/53.0
123横浜西口店,2023-04-04,4,神奈川県,スマスロ北斗の拳,487,7443,0,68,11,0,1/109.5,1/676.6,1/0.0,1/94.2
123横浜西口店,2023-04-04,4,神奈川県,スマスロ北斗の拳,488,6716,0,84,18,0,1/80.0,1/373.1,1/0.0,1/65.8
123横浜西口店,2023-04-04,4,神奈川県,スマスロ北斗の拳,489,7536,0,87,20,0,1/86.6,1/376.8,1/0.0,1/70.4
123横浜西口店,2023-04-04,4,神奈川県,スマスロ北斗の拳,490,6453,0,64,19,0,1/100.8,1/339.6,1/0.0,1/77.7
123横浜西口店,2023-04-04,4,神奈川県,スマスロ北斗の拳,491,6811,0,81,13,0,1/84.1,1/523.9,1/0.0,1/72.5
123横浜西口店,2023-04-04,4,神奈川県,スマスロ北斗の拳,492,6955,0,56,17,0,1/124.2,1/409.1,1/0.0,1/95.3
123横浜西口店,2023-04-04,4,神奈川県,スマスロ北斗の拳,493,8498,0,75,15,0,1/113.3,1/566.5,1/0.0,1/94.4
123横浜西口店,2023-04-04,4,神奈川県,アイムジャグラーEXTP,557,861,0,1,2,0,1/861.0,1/430.5,1/0.0,1/287.0
123横浜西口店,2023-04-04,4,神奈川県,アイムジャグラーEXTP,558,2399,0,6,9,0,1/399.8,1/266.6,1/0.0,1/159.9
123横浜西口店,2023-04-04,4,神奈川県,アイムジャグラーEXTP,559,4161,0,20,13,0,1/208.1,1/320.1,1/0.0,1/126.1
123横浜西口店,2023-04-04,4,神奈川県,アイムジャグラーEXTP,560,1274,0,5,4,0,1/254.8,1/318.5,1/0.0,1/141.6
123横浜西口店,2023-04-04,4,神奈川県,アイムジャグラーEXTP,561,1445,0,2,5,0,1/722.5,1/289.0,1/0.0,1/206.4
123横浜西口店,2023-04-04,4,神奈川県,アイムジャグラーEXTP,562,1659,0,6,5,0,1/276.5,1/331.8,1/0.0,1/150.8
123横浜西口店,2023-04-04,4,神奈川県,アイムジャグラーEXTP,563,2485,0,14,6,0,1/177.5,1/414.2,1/0.0,1/124.2
123横浜西口店,2023-04-04,4,神奈川県,アイムジャグラーEXTP,564,525,0,2,2,0,1/262.5,1/262.5,1/0.0,1/131.2
123横浜西口店,2023-04-04,4,神奈川県,アイムジャグラーEXTP,565,4584,0,19,16,0,1/241.3,1/286.5,1/0.0,1/131.0
123横浜西口店,2023-04-04,4,神奈川県,アイムジャグラーEXTP,566,1696,0,5,1,0,1/339.2,1/1696.0,1/0.0,1/282.7
123横浜西口店,2023-04-04,4,神奈川県,アイムジャグラーEXTP,567,483,0,1,1,0,1/483.0,1/483.0,1/0.0,1/241.5
123横浜西口店,2023-04-04,4,神奈川県,アイムジャグラーEXTP,568,374,0,0,1,0,1/0.0,1/374.0,1/0.0,1/374.0
123横浜西口店,2023-04-04,4,神奈川県,アイムジャグラーEXTP,569,2439,0,8,9,0,1/304.9,1/271.0,1/0.0,1/143.5
123横浜西口店,2023-04-04,4,神奈川県,アイムジャグラーEXTP,570,2591,0,7,5,0,1/370.1,1/518.2,1/0.0,1/215.9
123横浜西口店,2023-04-04,4,神奈川県,アイムジャグラーEXTP,571,2944,0,19,4,0,1/154.9,1/736.0,1/0.0,1/128.0
123横浜西口店,2023-04-04,4,神奈川県,アイムジャグラーEXTP,572,628,0,2,1,0,1/314.0,1/628.0,1/0.0,1/209.3
123横浜西口店,2023-04-04,4,神奈川県,アイムジャグラーEXTP,573,1516,0,4,1,0,1/379.0,1/1516.0,1/0.0,1/303.2
123横浜西口店,2023-04-04,4,神奈川県,アイムジャグラーEXTP,574,2909,0,12,12,0,1/242.4,1/242.4,1/0.0,1/121.2
123横浜西口店,2023-04-04,4,神奈川県,アイムジャグラーEXTP,575,2611,0,8,10,0,1/326.4,1/261.1,1/0.0,1/145.1
123横浜西口店,2023-04-04,4,神奈川県,アイムジャグラーEXTP,650,6461,0,26,14,0,1/248.5,1/461.5,1/0.0,1/161.5
123横浜西口店,2023-04-04,4,神奈川県,アイムジャグラーEXTP,651,140,0,0,0,0,1/0.0,1/0.0,1/0.0,1/0.0
123横浜西口店,2023-04-04,4,神奈川県,アイムジャグラーEXTP,652,3701,0,18,8,0,1/205.6,1/462.6,1/0.0,1/142.3
123横浜西口店,2023-04-04,4,神奈川県,アイムジャグラーEXTP,653,939,0,3,2,0,1/313.0,1/469.5,1/0.0,1/187.8
123横浜西口店,2023-04-04,4,神奈川県,アイムジャグラーEXTP,654,884,0,1,0,0,1/884.0,1/0.0,1/0.0,1/884.0
123横浜西口店,2023-04-04,4,神奈川県,アイムジャグラーEXTP,655,959,0,2,3,0,1/479.5,1/319.7,1/0.0,1/191.8
123横浜西口店,2023-04-04,4,神奈川県,アイムジャグラーEXTP,656,4550,0,22,15,0,1/206.8,1/303.3,1/0.0,1/123.0
123横浜西口店,2023-04-04,4,神奈川県,アイムジャグラーEXTP,657,1277,0,5,1,0,1/255.4,1/1277.0,1/0.0,1/212.8
123横浜西口店,2023-04-04,4,神奈川県,HEYエリートサラリーマン鏡,429,1642,0,0,4,6,1/0.0,1/410.5,1/273.7,1/164.2
123横浜西口店,2023-04-04,4,神奈川県,HEYエリートサラリーマン鏡,430,2878,0,0,6,12,1/0.0,1/479.7,1/239.8,1/159.9
123横浜西口店,2023-04-04,4,神奈川県,HEYエリートサラリーマン鏡,431,990,0,0,1,3,1/0.0,1/990.0,1/330.0,1/247.5
123横浜西口店,2023-04-04,4,神奈川県,HEYエリートサラリーマン鏡,432,1552,0,0,0,2,1/0.0,1/0.0,1/776.0,1/776.0
123横浜西口店,2023-04-04,4,神奈川県,HEYエリートサラリーマン鏡,433,3464,0,0,6,15,1/0.0,1/577.3,1/230.9,1/165.0
123横浜西口店,2023-04-04,4,神奈川県,HEYエリートサラリーマン鏡,434,5457,0,0,13,36,1/0.0,1/419.8,1/151.6,1/111.4
123横浜西口店,2023-04-04,4,神奈川県,HEYエリートサラリーマン鏡,435,2920,0,0,7,15,1/0.0,1/417.1,1/194.7,1/132.7
123横浜西口店,2023-04-04,4,神奈川県,HEYエリートサラリーマン鏡,436,1328,0,0,2,7,1/0.0,1/664.0,1/189.7,1/147.6
123横浜西口店,2023-04-04,4,神奈川県,HEYエリートサラリーマン鏡,437,4070,0,0,10,15,1/0.0,1/407.0,1/271.3,1/162.8
123横浜西口店,2023-04-04,4,神奈川県,HEYエリートサラリーマン鏡,438,1614,0,0,4,7,1/0.0,1/403.5,1/230.6,1/146.7
123横浜西口店,2023-04-04,4,神奈川県,HEYエリートサラリーマン鏡,439,3941,0,0,11,23,1/0.0,1/358.3,1/171.3,1/115.9
123横浜西口店,2023-04-04,4,神奈川県,HEYエリートサラリーマン鏡,440,4257,0,0,11,22,1/0.0,1/387.0,1/193.5,1/129.0
123横浜西口店,2023-04-04,4,神奈川県,HEYエリートサラリーマン鏡,441,4720,0,0,6,19,1/0.0,1/786.7,1/248.4,1/188.8
123横浜西口店,2023-04-04,4,神奈川県,HEYエリートサラリーマン鏡,442,375,0,0,0,1,1/0.0,1/0.0,1/375.0,1/375.0
123横浜西口店,2023-04-04,4,神奈川県,HEYエリートサラリーマン鏡,443,6453,0,0,17,38,1/0.0,1/379.6,1/169.8,1/117.3
123横浜西口店,2023-04-04,4,神奈川県,HEYエリートサラリーマン鏡,444,927,0,0,0,2,1/0.0,1/0.0,1/463.5,1/463.5
123横浜西口店,2023-04-04,4,神奈川県,HEYエリートサラリーマン鏡,445,1258,0,0,0,3,1/0.0,1/0.0,1/419.3,1/419.3
123横浜西口店,2023-04-04,4,神奈川県,HEYエリートサラリーマン鏡,446,4088,0,0,9,17,1/0.0,1/454.2,1/240.5,1/157.2
123横浜西口店,2023-04-04,4,神奈川県,HEYエリートサラリーマン鏡,447,1543,0,0,5,9,1/0.0,1/308.6,1/171.4,1/110.2
123横浜西口店,2023-04-04,4,神奈川県,HEYエリートサラリーマン鏡,448,3664,0,0,7,13,1/0.0,1/523.4,1/281.8,1/183.2
123横浜西口店,2023-04-04,4,神奈川県,HEYエリートサラリーマン鏡,449,529,0,0,0,1,1/0.0,1/0.0,1/529.0,1/529.0
123横浜西口店,2023-04-04,4,神奈川県,HEYエリートサラリーマン鏡,450,1874,0,0,5,9,1/0.0,1/374.8,1/208.2,1/133.9
123横浜西口店,2023-04-04,4,神奈川県,HEYエリートサラリーマン鏡,451,2083,0,0,4,13,1/0.0,1/520.8,1/160.2,1/122.5
123横浜西口店,2023-04-04,4,神奈川県,HEYエリートサラリーマン鏡,452,1405,0,0,1,5,1/0.0,1/1405.0,1/281.0,1/234.2
123横浜西口店,2023-04-04,4,神奈川県,革命機ヴァルヴレイヴ,482,2259,0,22,1,0,1/102.7,1/2259.0,1/0.0,1/98.2
123横浜西口店,2023-04-04,4,神奈川県,革命機ヴァルヴレイヴ,483,1681,0,18,0,0,1/93.4,1/0.0,1/0.0,1/93.4
123横浜西口店,2023-04-04,4,神奈川県,革命機ヴァルヴレイヴ,494,5145,0,20,5,16,1/257.2,1/1029.0,1/321.6,1/125.5
123横浜西口店,2023-04-04,4,神奈川県,革命機ヴァルヴレイヴ,495,1022,0,12,0,2,1/85.2,1/0.0,1/511.0,1/73.0
123横浜西口店,2023-04-04,4,神奈川県,革命機ヴァルヴレイヴ,496,3359,0,53,3,10,1/63.4,1/1119.7,1/335.9,1/50.9
123横浜西口店,2023-04-04,4,神奈川県,革命機ヴァルヴレイヴ,497,2051,0,10,2,6,1/205.1,1/1025.5,1/341.8,1/113.9
123横浜西口店,2023-04-04,4,神奈川県,革命機ヴァルヴレイヴ,498,2406,0,6,0,6,1/401.0,1/0.0,1/401.0,1/200.5
123横浜西口店,2023-04-04,4,神奈川県,革命機ヴァルヴレイヴ,499,1723,0,27,3,7,1/63.8,1/574.3,1/246.1,1/46.6
123横浜西口店,2023-04-04,4,神奈川県,革命機ヴァルヴレイヴ,500,402,0,10,0,1,1/40.2,1/0.0,1/402.0,1/36.5
123横浜西口店,2023-04-04,4,神奈川県,革命機ヴァルヴレイヴ,501,2339,0,32,2,9,1/73.1,1/1169.5,1/259.9,1/54.4
123横浜西口店,2023-04-04,4,神奈川県,革命機ヴァルヴレイヴ,502,658,0,2,2,3,1/329.0,1/329.0,1/219.3,1/94.0
123横浜西口店,2023-04-04,4,神奈川県,革命機ヴァルヴレイヴ,509,955,0,4,1,2,1/238.8,1/955.0,1/477.5,1/136.4
123横浜西口店,2023-04-04,4,神奈川県,革命機ヴァルヴレイヴ,510,2350,0,12,1,6,1/195.8,1/2350.0,1/391.7,1/123.7
123横浜西口店,2023-04-04,4,神奈川県,革命機ヴァルヴレイヴ,511,6137,0,46,3,19,1/133.4,1/2045.7,1/323.0,1/90.2
123横浜西口店,2023-04-04,4,神奈川県,革命機ヴァルヴレイヴ,512,1627,0,12,2,6,1/135.6,1/813.5,1/271.2,1/81.3
123横浜西口店,2023-04-04,4,神奈川県,革命機ヴァルヴレイヴ,513,3921,0,58,3,15,1/67.6,1/1307.0,1/261.4,1/51.6
123横浜西口店,2023-04-04,4,神奈川県,革命機ヴァルヴレイヴ,514,1682,0,6,3,5,1/280.3,1/560.7,1/336.4,1/120.1
123横浜西口店,2023-04-04,4,神奈川県,革命機ヴァルヴレイヴ,515,1341,0,6,1,5,1/223.5,1/1341.0,1/268.2,1/111.8
123横浜西口店,2023-04-04,4,神奈川県,革命機ヴァルヴレイヴ,516,4023,0,35,2,14,1/114.9,1/2011.5,1/287.4,1/78.9
123横浜西口店,2023-04-04,4,神奈川県,革命機ヴァルヴレイヴ,517,1494,0,9,2,5,1/166.0,1/747.0,1/298.8,1/93.4
123横浜西口店,2023-04-04,4,神奈川県,ハッピージャグラーVIII,576,510,0,1,0,0,1/510.0,1/0.0,1/0.0,1/510.0
123横浜西口店,2023-04-04,4,神奈川県,ハッピージャグラーVIII,634,2631,0,12,6,0,1/219.2,1/438.5,1/0.0,1/146.2
123横浜西口店,2023-04-04,4,神奈川県,ハッピージャグラーVIII,635,1985,0,7,4,0,1/283.6,1/496.2,1/0.0,1/180.5
123横浜西口店,2023-04-04,4,神奈川県,ハッピージャグラーVIII,636,541,0,1,2,0,1/541.0,1/270.5,1/0.0,1/180.3
123横浜西口店,2023-04-04,4,神奈川県,ハッピージャグラーVIII,637,948,0,2,0,0,1/474.0,1/0.0,1/0.0,1/474.0
123横浜西口店,2023-04-04,4,神奈川県,ハッピージャグラーVIII,638,8288,0,37,23,0,1/224.0,1/360.3,1/0.0,1/138.1
123横浜西口店,2023-04-04,4,神奈川県,ハッピージャグラーVIII,639,1534,0,5,3,0,1/306.8,1/511.3,1/0.0,1/191.8
123横浜西口店,2023-04-04,4,神奈川県,ハッピージャグラーVIII,640,1199,0,3,4,0,1/399.7,1/299.8,1/0.0,1/171.3
123横浜西口店,2023-04-04,4,神奈川県,ハッピージャグラーVIII,641,4704,0,18,21,0,1/261.3,1/224.0,1/0.0,1/120.6
123横浜西口店,2023-04-04,4,神奈川県,ハッピージャグラーVIII,642,2792,0,10,9,0,1/279.2,1/310.2,1/0.0,1/146.9
123横浜西口店,2023-04-04,4,神奈川県,ハッピージャグラーVIII,643,669,0,0,1,0,1/0.0,1/669.0,1/0.0,1/669.0
123横浜西口店,2023-04-04,4,神奈川県,ハッピージャグラーVIII,644,750,0,1,1,0,1/750.0,1/750.0,1/0.0,1/375.0
123横浜西口店,2023-04-04,4,神奈川県,ハッピージャグラーVIII,645,2483,0,9,9,0,1/275.9,1/275.9,1/0.0,1/137.9
123横浜西口店,2023-04-04,4,神奈川県,ハッピージャグラーVIII,646,4686,0,23,11,0,1/203.7,1/426.0,1/0.0,1/137.8
123横浜西口店,2023-04-04,4,神奈川県,ハッピージャグラーVIII,647,1324,0,4,3,0,1/331.0,1/441.3,1/0.0,1/189.1
123横浜西口店,2023-04-04,4,神奈川県,ハッピージャグラーVIII,648,662,0,2,0,0,1/331.0,1/0.0,1/0.0,1/331.0
123横浜西口店,2023-04-04,4,神奈川県,ハッピージャグラーVIII,649,1961,0,11,6,0,1/178.3,1/326.8,1/0.0,1/115.4
123横浜西口店,2023-04-04,4,神奈川県,ファンキージャグラー2,577,4246,0,13,13,0,1/326.6,1/326.6,1/0.0,1/163.3
123横浜西口店,2023-04-04,4,神奈川県,ファンキージャグラー2,578,1908,0,7,2,0,1/272.6,1/954.0,1/0.0,1/212.0
123横浜西口店,2023-04-04,4,神奈川県,ファンキージャグラー2,579,1992,0,5,7,0,1/398.4,1/284.6,1/0.0,1/166.0
123横浜西口店,2023-04-04,4,神奈川県,ファンキージャグラー2,580,2210,0,7,4,0,1/315.7,1/552.5,1/0.0,1/200.9
123横浜西口店,2023-04-04,4,神奈川県,ファンキージャグラー2,581,1155,0,6,2,0,1/192.5,1/577.5,1/0.0,1/144.4
123横浜西口店,2023-04-04,4,神奈川県,ファンキージャグラー2,582,3272,0,14,9,0,1/233.7,1/363.6,1/0.0,1/142.3
123横浜西口店,2023-04-04,4,神奈川県,ファンキージャグラー2,583,3331,0,14,4,0,1/237.9,1/832.8,1/0.0,1/185.1
123横浜西口店,2023-04-04,4,神奈川県,ファンキージャグラー2,584,3665,0,13,11,0,1/281.9,1/333.2,1/0.0,1/152.7
123横浜西口店,2023-04-04,4,神奈川県,ファンキージャグラー2,585,3070,0,14,13,0,1/219.3,1/236.2,1/0.0,1/113.7
123横浜西口店,2023-04-04,4,神奈川県,ファンキージャグラー2,626,5489,0,25,14,0,1/219.6,1/392.1,1/0.0,1/140.7
123横浜西口店,2023-04-04,4,神奈川県,ファンキージャグラー2,627,2387,0,4,5,0,1/596.8,1/477.4,1/0.0,1/265.2
123横浜西口店,2023-04-04,4,神奈川県,ファンキージャグラー2,628,1047,0,3,1,0,1/349.0,1/1047.0,1/0.0,1/261.8
123横浜西口店,2023-04-04,4,神奈川県,ファンキージャグラー2,629,3443,0,16,6,0,1/215.2,1/573.8,1/0.0,1/156.5
123横浜西口店,2023-04-04,4,神奈川県,ファンキージャグラー2,630,2196,0,10,5,0,1/219.6,1/439.2,1/0.0,1/146.4
123横浜西口店,2023-04-04,4,神奈川県,ファンキージャグラー2,631,1214,0,4,3,0,1/303.5,1/404.7,1/0.0,1/173.4
123横浜西口店,2023-04-04,4,神奈川県,ファンキージャグラー2,632,5742,0,30,17,0,1/191.4,1/337.8,1/0.0,1/122.2
123横浜西口店,2023-04-04,4,神奈川県,ファンキージャグラー2,633,4226,0,22,11,0,1/192.1,1/384.2,1/0.0,1/128.1
123横浜西口店,2023-04-04,4,神奈川県,沖ドキGOLD30,536,4258,0,30,12,0,1/141.9,1/354.8,1/0.0,1/101.4
123横浜西口店,2023-04-04,4,神奈川県,沖ドキGOLD30,537,583,0,4,1,0,1/145.8,1/583.0,1/0.0,1/116.6
123横浜西口店,2023-04-04,4,神奈川県,沖ドキGOLD30,538,1498,0,25,5,0,1/59.9,1/299.6,1/0.0,1/49.9
123横浜西口店,2023-04-04,4,神奈川県,沖ドキGOLD30,539,2691,0,12,3,0,1/224.2,1/897.0,1/0.0,1/179.4
123横浜西口店,2023-04-04,4,神奈川県,沖ドキGOLD30,540,1162,0,13,9,0,1/89.4,1/129.1,1/0.0,1/52.8
123横浜西口店,2023-04-04,4,神奈川県,沖ドキGOLD30,541,4238,0,12,6,0,1/353.2,1/706.3,1/0.0,1/235.4
123横浜西口店,2023-04-04,4,神奈川県,沖ドキGOLD30,542,2952,0,6,7,0,1/492.0,1/421.7,1/0.0,1/227.1
123横浜西口店,2023-04-04,4,神奈川県,沖ドキGOLD30,543,1102,0,9,4,0,1/122.4,1/275.5,1/0.0,1/84.8
123横浜西口店,2023-04-04,4,神奈川県,沖ドキGOLD30,544,735,0,17,3,0,1/43.2,1/245.0,1/0.0,1/36.8
123横浜西口店,2023-04-04,4,神奈川県,沖ドキGOLD30,545,2253,0,13,9,0,1/173.3,1/250.3,1/0.0,1/102.4
123横浜西口店,2023-04-04,4,神奈川県,沖ドキGOLD30,546,1698,0,8,5,0,1/212.2,1/339.6,1/0.0,1/130.6
123横浜西口店,2023-04-04,4,神奈川県,沖ドキGOLD30,547,1523,0,23,11,0,1/66.2,1/138.5,1/0.0,1/44.8
123横浜西口店,2023-04-04,4,神奈川県,沖ドキGOLD30,548,2357,0,6,3,0,1/392.8,1/785.7,1/0.0,1/261.9
123横浜西口店,2023-04-04,4,神奈川県,沖ドキGOLD30,549,724,0,0,2,0,1/0.0,1/362.0,1/0.0,1/362.0
123横浜西口店,2023-04-04,4,神奈川県,ディスクアップ2,326,7200,0,36,13,0,1/200.0,1/553.8,1/0.0,1/146.9
123横浜西口店,2023-04-04,4,神奈川県,ディスクアップ2,327,8738,0,24,22,0,1/364.1,1/397.2,1/0.0,1/190.0
123横浜西口店,2023-04-04,4,神奈川県,ディスクアップ2,328,6721,0,23,9,0,1/292.2,1/746.8,1/0.0,1/210.0
123横浜西口店,2023-04-04,4,神奈川県,ディスクアップ2,329,5983,0,19,9,0,1/314.9,1/664.8,1/0.0,1/213.7
123横浜西口店,2023-04-04,4,神奈川県,ディスクアップ2,330,5117,0,23,6,0,1/222.5,1/852.8,1/0.0,1/176.4
123横浜西口店,2023-04-04,4,神奈川県,ディスクアップ2,331,6151,0,23,14,0,1/267.4,1/439.4,1/0.0,1/166.2
123横浜西口店,2023-04-04,4,神奈川県,ディスクアップ2,332,6595,0,24,15,0,1/274.8,1/439.7,1/0.0,1/169.1
123横浜西口店,2023-04-04,4,神奈川県,ディスクアップ2,336,3398,0,14,10,0,1/242.7,1/339.8,1/0.0,1/141.6
123横浜西口店,2023-04-04,4,神奈川県,ディスクアップ2,337,6307,0,16,17,0,1/394.2,1/371.0,1/0.0,1/191.1
123横浜西口店,2023-04-04,4,神奈川県,ディスクアップ2,338,4461,0,14,12,0,1/318.6,1/371.8,1/0.0,1/171.6
123横浜西口店,2023-04-04,4,神奈川県,ディスクアップ2,339,7025,0,20,15,0,1/351.2,1/468.3,1/0.0,1/200.7
123横浜西口店,2023-04-04,4,神奈川県,ディスクアップ2,340,6449,0,26,15,0,1/248.0,1/429.9,1/0.0,1/157.3
123横浜西口店,2023-04-04,4,神奈川県,モンスターハンターワールドアイスボーン,405,5036,0,43,0,0,1/117.1,1/0.0,1/0.0,1/117.1
123横浜西口店,2023-04-04,4,神奈川県,モンスターハンターワールドアイスボーン,406,3254,0,7,0,0,1/464.9,1/0.0,1/0.0,1/464.9
123横浜西口店,2023-04-04,4,神奈川県,モンスターハンターワールドアイスボーン,407,2605,0,9,0,0,1/289.4,1/0.0,1/0.0,1/289.4
123横浜西口店,2023-04-04,4,神奈川県,モンスターハンターワールドアイスボーン,408,5582,0,39,0,0,1/143.1,1/0.0,1/0.0,1/143.1
123横浜西口店,2023-04-04,4,神奈川県,モンスターハンターワールドアイスボーン,409,2252,0,16,0,0,1/140.8,1/0.0,1/0.0,1/140.8
123横浜西口店,2023-04-04,4,神奈川県,モンスターハンターワールドアイスボーン,410,3628,0,22,0,0,1/164.9,1/0.0,1/0.0,1/164.9
123横浜西口店,2023-04-04,4,神奈川県,モンスターハンターワールドアイスボーン,411,3038,0,15,0,0,1/202.5,1/0.0,1/0.0,1/202.5
123横浜西口店,2023-04-04,4,神奈川県,モンスターハンターワールドアイスボーン,412,2332,0,11,0,0,1/212.0,1/0.0,1/0.0,1/212.0
123横浜西口店,2023-04-04,4,神奈川県,モンスターハンターワールドアイスボーン,413,4204,0,20,0,0,1/210.2,1/0.0,1/0.0,1/210.2
123横浜西口店,2023-04-04,4,神奈川県,モンスターハンターワールドアイスボーン,414,1132,0,7,0,0,1/161.7,1/0.0,1/0.0,1/161.7
123横浜西口店,2023-04-04,4,神奈川県,モンスターハンターワールドアイスボーン,415,4457,0,30,0,0,1/148.6,1/0.0,1/0.0,1/148.6
123横浜西口店,2023-04-04,4,神奈川県,モンスターハンターワールドアイスボーン,416,4922,0,60,0,0,1/82.0,1/0.0,1/0.0,1/82.0
123横浜西口店,2023-04-04,4,神奈川県,新鬼武者2,393,2689,0,0,5,14,1/0.0,1/537.8,1/192.1,1/141.5
123横浜西口店,2023-04-04,4,神奈川県,新鬼武者2,394,6241,0,0,37,76,1/0.0,1/168.7,1/82.1,1/55.2
123横浜西口店,2023-04-04,4,神奈川県,新鬼武者2,395,3561,0,0,15,31,1/0.0,1/237.4,1/114.9,1/77.4
123横浜西口店,2023-04-04,4,神奈川県,新鬼武者2,396,5822,0,0,36,53,1/0.0,1/161.7,1/109.8,1/65.4
123横浜西口店,2023-04-04,4,神奈川県,新鬼武者2,397,3378,0,0,10,22,1/0.0,1/337.8,1/153.5,1/105.6
123横浜西口店,2023-04-04,4,神奈川県,新鬼武者2,398,2338,0,0,11,24,1/0.0,1/212.5,1/97.4,1/66.8
123横浜西口店,2023-04-04,4,神奈川県,新鬼武者2,399,5164,0,0,12,31,1/0.0,1/430.3,1/166.6,1/120.1
123横浜西口店,2023-04-04,4,神奈川県,新鬼武者2,400,2344,0,0,3,10,1/0.0,1/781.3,1/234.4,1/180.3
123横浜西口店,2023-04-04,4,神奈川県,新鬼武者2,401,4459,0,0,15,41,1/0.0,1/297.3,1/108.8,1/79.6
123横浜西口店,2023-04-04,4,神奈川県,新鬼武者2,402,6655,0,0,36,73,1/0.0,1/184.9,1/91.2,1/61.1
123横浜西口店,2023-04-04,4,神奈川県,機動戦士ガンダムユニコーン,419,4075,0,0,7,64,1/0.0,1/582.1,1/63.7,1/57.4
123横浜西口店,2023-04-04,4,神奈川県,機動戦士ガンダムユニコーン,420,5801,0,0,7,61,1/0.0,1/828.7,1/95.1,1/85.3
123横浜西口店,2023-04-04,4,神奈川県,機動戦士ガンダムユニコーン,421,4159,0,0,4,35,1/0.0,1/1039.8,1/118.8,1/106.6
123横浜西口店,2023-04-04,4,神奈川県,機動戦士ガンダムユニコーン,422,2966,0,0,6,26,1/0.0,1/494.3,1/114.1,1/92.7
123横浜西口店,2023-04-04,4,神奈川県,機動戦士ガンダムユニコーン,423,2579,0,0,3,27,1/0.0,1/859.7,1/95.5,1/86.0
123横浜西口店,2023-04-04,4,神奈川県,機動戦士ガンダムユニコーン,424,4211,0,0,4,34,1/0.0,1/1052.8,1/123.9,1/110.8
123横浜西口店,2023-04-04,4,神奈川県,機動戦士ガンダムユニコーン,425,5610,0,0,10,115,1/0.0,1/561.0,1/48.8,1/44.9
123横浜西口店,2023-04-04,4,神奈川県,機動戦士ガンダムユニコーン,426,1313,0,0,2,7,1/0.0,1/656.5,1/187.6,1/145.9
123横浜西口店,2023-04-04,4,神奈川県,機動戦士ガンダムユニコーン,427,5277,0,0,7,68,1/0.0,1/753.9,1/77.6,1/70.4
123横浜西口店,2023-04-04,4,神奈川県,機動戦士ガンダムユニコーン,428,5082,0,0,3,75,1/0.0,1/1694.0,1/67.8,1/65.2
123横浜西口店,2023-04-04,4,神奈川県,バイオハザードRE2,522,3324,0,31,0,31,1/107.2,1/0.0,1/107.2,1/53.6
123横浜西口店,2023-04-04,4,神奈川県,バイオハザードRE2,523,4529,0,65,0,65,1/69.7,1/0.0,1/69.7,1/34.8
123横浜西口店,2023-04-04,4,神奈川県,バイオハザードRE2,524,4753,0,46,0,46,1/103.3,1/0.0,1/103.3,1/51.7
123横浜西口店,2023-04-04,4,神奈川県,バイオハザードRE2,525,2072,0,14,0,14,1/148.0,1/0.0,1/148.0,1/74.0
123横浜西口店,2023-04-04,4,神奈川県,バイオハザードRE2,526,2469,0,15,0,15,1/164.6,1/0.0,1/164.6,1/82.3
123横浜西口店,2023-04-04,4,神奈川県,バイオハザードRE2,527,2086,0,15,0,15,1/139.1,1/0.0,1/139.1,1/69.5
123横浜西口店,2023-04-04,4,神奈川県,バイオハザードRE2,528,4286,0,29,0,29,1/147.8,1/0.0,1/147.8,1/73.9
123横浜西口店,2023-04-04,4,神奈川県,バイオハザードRE2,529,5200,0,35,0,35,1/148.6,1/0.0,1/148.6,1/74.3
123横浜西口店,2023-04-04,4,神奈川県,バキ強くなりたくば喰らえ,417,1249,0,0,5,13,1/0.0,1/249.8,1/96.1,1/69.4
123横浜西口店,2023-04-04,4,神奈川県,バキ強くなりたくば喰らえ,418,839,0,0,4,1,1/0.0,1/209.8,1/839.0,1/167.8
123横浜西口店,2023-04-04,4,神奈川県,バキ強くなりたくば喰らえ,503,1937,0,0,5,8,1/0.0,1/387.4,1/242.1,1/149.0
123横浜西口店,2023-04-04,4,神奈川県,バキ強くなりたくば喰らえ,504,523,0,0,2,5,1/0.0,1/261.5,1/104.6,1/74.7
123横浜西口店,2023-04-04,4,神奈川県,バキ強くなりたくば喰らえ,505,5994,0,0,17,65,1/0.0,1/352.6,1/92.2,1/73.1
123横浜西口店,2023-04-04,4,神奈川県,バキ強くなりたくば喰らえ,506,4432,0,0,11,16,1/0.0,1/402.9,1/277.0,1/164.1
123横浜西口店,2023-04-04,4,神奈川県,バキ強くなりたくば喰らえ,507,855,0,0,2,4,1/0.0,1/427.5,1/213.8,1/142.5
123横浜西口店,2023-04-04,4,神奈川県,バキ強くなりたくば喰らえ,508,750,0,0,4,1,1/0.0,1/187.5,1/750.0,1/150.0
123横浜西口店,2023-04-04,4,神奈川県,この素晴らしい世界に祝福を,518,3243,0,0,8,52,1/0.0,1/405.4,1/62.4,1/54.0
123横浜西口店,2023-04-04,4,神奈川県,この素晴らしい世界に祝福を,519,2039,0,0,4,17,1/0.0,1/509.8,1/119.9,1/97.1
123横浜西口店,2023-04-04,4,神奈川県,この素晴らしい世界に祝福を,520,2822,0,0,6,50,1/0.0,1/470.3,1/56.4,1/50.4
123横浜西口店,2023-04-04,4,神奈川県,この素晴らしい世界に祝福を,521,1964,0,0,6,22,1/0.0,1/327.3,1/89.3,1/70.1
123横浜西口店,2023-04-04,4,神奈川県,盾の勇者の成り上がり,530,5514,0,170,28,0,1/32.4,1/196.9,1/0.0,1/27.8
123横浜西口店,2023-04-04,4,神奈川県,盾の勇者の成り上がり,531,2563,0,32,10,0,1/80.1,1/256.3,1/0.0,1/61.0
123横浜西口店,2023-04-04,4,神奈川県,盾の勇者の成り上がり,532,4140,0,104,24,0,1/39.8,1/172.5,1/0.0,1/32.3
123横浜西口店,2023-04-04,4,神奈川県,盾の勇者の成り上がり,533,3785,0,72,10,0,1/52.6,1/378.5,1/0.0,1/46.2
123横浜西口店,2023-04-04,4,神奈川県,頭文字D,389,2301,0,8,4,0,1/287.6,1/575.2,1/0.0,1/191.8
123横浜西口店,2023-04-04,4,神奈川県,頭文字D,390,1794,0,11,16,0,1/163.1,1/112.1,1/0.0,1/66.4
123横浜西口店,2023-04-04,4,神奈川県,頭文字D,391,1230,0,2,1,0,1/615.0,1/1230.0,1/0.0,1/410.0
123横浜西口店,2023-04-04,4,神奈川県,頭文字D,392,2092,0,13,20,0,1/160.9,1/104.6,1/0.0,1/63.4
123横浜西口店,2023-04-04,4,神奈川県,とある科学の超電磁砲,383,3672,0,0,10,44,1/0.0,1/367.2,1/83.5,1/68.0
123横浜西口店,2023-04-04,4,神奈川県,とある科学の超電磁砲,384,2900,0,0,10,41,1/0.0,1/290.0,1/70.7,1/56.9
123横浜西口店,2023-04-04,4,神奈川県,とある科学の超電磁砲,385,2336,0,0,3,48,1/0.0,1/778.7,1/48.7,1/45.8
123横浜西口店,2023-04-04,4,神奈川県,バーサスリヴァイズ,550,6435,0,24,13,0,1/268.1,1/495.0,1/0.0,1/173.9
123横浜西口店,2023-04-04,4,神奈川県,バーサスリヴァイズ,551,2590,0,11,9,0,1/235.5,1/287.8,1/0.0,1/129.5
123横浜西口店,2023-04-04,4,神奈川県,バーサスリヴァイズ,552,4348,0,14,16,0,1/310.6,1/271.8,1/0.0,1/144.9
123横浜西口店,2023-04-04,4,神奈川県,バイオハザード7レジデントイービル,386,1730,0,0,0,5,1/0.0,1/0.0,1/346.0,1/346.0
123横浜西口店,2023-04-04,4,神奈川県,バイオハザード7レジデントイービル,387,664,0,0,2,30,1/0.0,1/332.0,1/22.1,1/20.8
123横浜西口店,2023-04-04,4,神奈川県,バイオハザード7レジデントイービル,388,2106,0,0,2,23,1/0.0,1/1053.0,1/91.6,1/84.2
123横浜西口店,2023-04-04,4,神奈川県,押忍番長ZERO,368,3092,0,25,7,0,1/123.7,1/441.7,1/0.0,1/96.6
123横浜西口店,2023-04-04,4,神奈川県,押忍番長ZERO,369,3072,0,44,7,0,1/69.8,1/438.9,1/0.0,1/60.2
123横浜西口店,2023-04-04,4,神奈川県,押忍番長ZERO,370,2661,0,36,7,0,1/73.9,1/380.1,1/0.0,1/61.9
123横浜西口店,2023-04-04,4,神奈川県,ニューゲッターマウス,555,1468,0,6,3,0,1/244.7,1/489.3,1/0.0,1/163.1
123横浜西口店,2023-04-04,4,神奈川県,ニューゲッターマウス,556,3895,0,23,16,0,1/169.3,1/243.4,1/0.0,1/99.9
123横浜西口店,2023-04-04,4,神奈川県,ハードボイルド,334,4648,0,6,12,6,1/774.7,1/387.3,1/774.7,1/193.7
123横浜西口店,2023-04-04,4,神奈川県,ハードボイルド,335,4246,0,20,8,24,1/212.3,1/530.8,1/176.9,1/81.7
123横浜西口店,2023-04-04,4,神奈川県,モモキュンソード,534,575,0,2,0,1,1/287.5,1/0.0,1/575.0,1/191.7
123横浜西口店,2023-04-04,4,神奈川県,モモキュンソード,535,396,0,1,0,0,1/396.0,1/0.0,1/0.0,1/396.0
123横浜西口店,2023-04-04,4,神奈川県,幼女戦記,371,5566,0,0,4,63,1/0.0,1/1391.5,1/88.3,1/83.1
123横浜西口店,2023-04-04,4,神奈川県,幼女戦記,372,5854,0,0,6,95,1/0.0,1/975.7,1/61.6,1/58.0
123横浜西口店,2023-04-04,4,神奈川県,戦国無双3,375,1297,0,5,0,3,1/259.4,1/0.0,1/432.3,1/162.1
123横浜西口店,2023-04-04,4,神奈川県,戦国無双3,376,1828,0,6,0,5,1/304.7,1/0.0,1/365.6,1/166.2
123横浜西口店,2023-04-04,4,神奈川県,新ハナビ,553,3494,0,11,9,0,1/317.6,1/388.2,1/0.0,1/174.7
123横浜西口店,2023-04-04,4,神奈川県,新ハナビ,554,7505,0,35,30,0,1/214.4,1/250.2,1/0.0,1/115.5
123横浜西口店,2023-04-04,4,神奈川県,犬夜叉,373,1238,0,0,3,9,1/0.0,1/412.7,1/137.6,1/103.2
123横浜西口店,2023-04-04,4,神奈川県,犬夜叉,374,1002,0,0,2,19,1/0.0,1/501.0,1/52.7,1/47.7
123横浜西口店,2023-04-04,4,神奈川県,緋弾のアリアII,403,1803,0,0,3,17,1/0.0,1/601.0,1/106.1,1/90.2
123横浜西口店,2023-04-04,4,神奈川県,緋弾のアリアII,404,4075,0,0,7,46,1/0.0,1/582.1,1/88.6,1/76.9
123横浜西口店,2023-04-04,4,神奈川県,花火絶景,333,383,0,1,1,0,1/383.0,1/383.0,1/0.0,1/191.5
123横浜西口店,2023-04-04,4,神奈川県,戦国コレクション5,377,7865,0,0,0,61,1/0.0,1/0.0,1/128.9,1/128.9
123横浜西口店,2023-04-04,4,神奈川県,スロドル,378,4297,0,16,36,0,1/268.6,1/119.4,1/0.0,1/82.6
123横浜西口店,2023-04-04,4,神奈川県,OVERLORD絶対支配者光臨II,379,6203,0,71,16,0,1/87.4,1/387.7,1/0.0,1/71.3
123横浜西口店,2023-04-04,4,神奈川県,アクエリオンALLSTARS,380,1421,0,0,2,5,1/0.0,1/710.5,1/284.2,1/203.0
123横浜西口店,2023-04-04,4,神奈川県,ペルソナ5,381,1800,0,12,0,15,1/150.0,1/0.0,1/120.0,1/66.7
123横浜西口店,2023-04-04,4,神奈川県,戦姫絶唱シンフォギア勇気の歌,382,4940,0,57,26,0,1/86.7,1/190.0,1/0.0,1/59.5
A-MAX今井IC店,2023-04-04,4,神奈川県,アイムジャグラーEXTP,1,1321,-842,1,4,0,1/1321.0,1/330.2,,1/264.2
A-MAX今井IC店,2023-04-04,4,神奈川県,アイムジャグラーEXTP,2,659,-400,1,2,0,1/659.0,1/329.5,,1/219.7
A-MAX今井IC店,2023-04-04,4,神奈川県,アイムジャグラーEXTP,3,205,-28,1,0,0,1/205.0,1/0.0,,1/205.0
A-MAX今井IC店,2023-04-04,4,神奈川県,アイムジャグラーEXTP,4,1092,400,7,1,0,1/156.0,1/1092.0,,1/136.5
A-MAX今井IC店,2023-04-04,4,神奈川県,アイムジャグラーEXTP,29,781,-400,2,1,0,1/390.5,1/781.0,,1/260.3
A-MAX今井IC店,2023-04-04,4,神奈川県,アイムジャグラーEXTP,30,594,96,3,1,0,1/198.0,1/594.0,,1/148.5
A-MAX今井IC店,2023-04-04,4,神奈川県,アイムジャグラーEXTP,31,456,-290,0,2,0,1/0.0,1/228.0,,1/228.0
A-MAX今井IC店,2023-04-04,4,神奈川県,アイムジャグラーEXTP,32,795,-152,3,1,0,1/265.0,1/795.0,,1/198.8
A-MAX今井IC店,2023-04-04,4,神奈川県,押忍サラリーマン番長2,47,833,-456,4,0,0,1/208.2,1/0.0,,1/208.2
A-MAX今井IC店,2023-04-04,4,神奈川県,押忍サラリーマン番長2,48,750,-483,2,0,0,1/375.0,1/0.0,,1/375.0
A-MAX今井IC店,2023-04-04,4,神奈川県,押忍サラリーマン番長2,49,159,-97,0,0,0,1/0.0,1/0.0,,1/0.0
A-MAX今井IC店,2023-04-04,4,神奈川県,押忍サラリーマン番長2,50,1218,-1007,2,1,0,1/609.0,1/1218.0,,1/406.0
A-MAX今井IC店,2023-04-04,4,神奈川県,押忍サラリーマン番長2,51,861,1255,6,4,0,1/143.5,1/215.2,,1/86.1
A-MAX今井IC店,2023-04-04,4,神奈川県,新ハナビ,24,773,317,3,3,0,1/257.7,1/257.7,,1/128.8
A-MAX今井IC店,2023-04-04,4,神奈川県,新ハナビ,25,281,-235,0,1,0,1/0.0,1/281.0,,1/281.0
A-MAX今井IC店,2023-04-04,4,神奈川県,新ハナビ,26,459,-400,0,1,0,1/0.0,1/459.0,,1/459.0
A-MAX今井IC店,2023-04-04,4,神奈川県,新ハナビ,27,91,-97,0,0,0,1/0.0,1/0.0,,1/0.0
A-MAX今井IC店,2023-04-04,4,神奈川県,新ハナビ,28,1558,-207,6,2,0,1/259.7,1/779.0,,1/194.8
A-MAX今井IC店,2023-04-04,4,神奈川県,バキ強くなりたくば喰らえ,61,679,-704,3,4,0,1/226.3,1/169.8,,1/97.0
A-MAX今井IC店,2023-04-04,4,神奈川県,バキ強くなりたくば喰らえ,62,1262,-1890,1,3,0,1/1262.0,1/420.7,,1/315.5
A-MAX今井IC店,2023-04-04,4,神奈川県,バキ強くなりたくば喰らえ,63,495,-704,0,1,0,1/0.0,1/495.0,,1/495.0
A-MAX今井IC店,2023-04-04,4,神奈川県,バキ強くなりたくば喰らえ,64,433,-345,3,3,0,1/144.3,1/144.3,,1/72.2
A-MAX今井IC店,2023-04-04,4,神奈川県,バジリスク絆2,33,126,-97,0,0,0,1/0.0,1/0.0,,1/0.0
A-MAX今井IC店,2023-04-04,4,神奈川県,バジリスク絆2,34,814,-538,6,1,0,1/135.7,1/814.0,,1/116.3
A-MAX今井IC店,2023-04-04,4,神奈川県,バジリスク絆2,35,0,0,0,0,0,1/0.0,1/0.0,,1/0.0
A-MAX今井IC店,2023-04-04,4,神奈川県,バジリスク絆2,36,60,-83,0,0,0,1/0.0,1/0.0,,1/0.0
A-MAX今井IC店,2023-04-04,4,神奈川県,アナターのオットはーです,56,828,-704,1,2,0,1/828.0,1/414.0,,1/276.0
A-MAX今井IC店,2023-04-04,4,神奈川県,アナターのオットはーです,57,153,1144,8,2,0,1/19.1,1/76.5,,1/15.3
A-MAX今井IC店,2023-04-04,4,神奈川県,アナターのオットはーです,58,0,0,0,0,0,1/0.0,1/0.0,,1/0.0
A-MAX今井IC店,2023-04-04,4,神奈川県,劇場版魔法少女まどか☆マギカ前編始まりの物語後編永遠の物語,38,886,-593,7,7,0,1/126.6,1/126.6,,1/63.3
A-MAX今井IC店,2023-04-04,4,神奈川県,劇場版魔法少女まどか☆マギカ前編始まりの物語後編永遠の物語,39,139,-28,3,3,0,1/46.3,1/46.3,,1/23.2
A-MAX今井IC店,2023-04-04,4,神奈川県,劇場版魔法少女まどか☆マギカ前編始まりの物語後編永遠の物語,40,406,-345,2,2,0,1/203.0,1/203.0,,1/101.5
A-MAX今井IC店,2023-04-04,4,神奈川県,BOOWY,43,48,-83,0,0,0,1/0.0,1/0.0,,1/0.0
A-MAX今井IC店,2023-04-04,4,神奈川県,BOOWY,44,0,0,0,0,0,1/0.0,1/0.0,,1/0.0
A-MAX今井IC店,2023-04-04,4,神奈川県,Reゼロから始める異世界生活,41,0,0,0,0,0,1/0.0,1/0.0,,1/0.0
A-MAX今井IC店,2023-04-04,4,神奈川県,Reゼロから始める異世界生活,42,0,0,0,0,0,1/0.0,1/0.0,,1/0.0
A-MAX今井IC店,2023-04-04,4,神奈川県,劇場版魔法少女まどか☆マギカ新編叛逆の物語,8,1019,-235,3,3,0,1/339.7,1/339.7,,1/169.8
A-MAX今井IC店,2023-04-04,4,神奈川県,劇場版魔法少女まどか☆マギカ新編叛逆の物語,21,38,-83,0,0,0,1/0.0,1/0.0,,1/0.0
A-MAX今井IC店,2023-04-04,4,神奈川県,北斗の拳宿命,54,14,-28,0,0,0,1/0.0,1/0.0,,1/0.0
A-MAX今井IC店,2023-04-04,4,神奈川県,北斗の拳宿命,55,682,-787,1,1,0,1/682.0,1/682.0,,1/341.0
A-MAX今井IC店,2023-04-04,4,神奈川県,真俺の空,45,0,0,0,0,0,1/0.0,1/0.0,,1/0.0
A-MAX今井IC店,2023-04-04,4,神奈川県,真俺の空,46,166,-97,2,1,0,1/83.0,1/166.0,,1/55.3
A-MAX今井IC店,2023-04-04,4,神奈川県,笑ゥせぇるすまん4,52,639,-704,0,2,0,1/0.0,1/319.5,,1/319.5
A-MAX今井IC店,2023-04-04,4,神奈川県,笑ゥせぇるすまん4,53,293,-290,0,1,0,1/0.0,1/293.0,,1/293.0
A-MAX今井IC店,2023-04-04,4,神奈川県,花火絶景,59,34,-28,0,0,0,1/0.0,1/0.0,,1/0.0
A-MAX今井IC店,2023-04-04,4,神奈川県,花火絶景,60,0,0,0,0,0,1/0.0,1/0.0,,1/0.0
A-MAX今井IC店,2023-04-04,4,神奈川県,CCエンジェル,5,119,-83,0,1,0,1/0.0,1/119.0,,1/119.0
A-MAX今井IC店,2023-04-04,4,神奈川県,アバサー,6,617,-28,3,1,0,1/205.7,1/617.0,,1/154.2
A-MAX今井IC店,2023-04-04,4,神奈川県,政宗戦極,7,0,0,0,0,0,1/0.0,1/0.0,,1/0.0
A-MAX今井IC店,2023-04-04,4,神奈川県,政宗3,9,0,0,0,0,0,1/0.0,1/0.0,,1/0.0
A-MAX今井IC店,2023-04-04,4,神奈川県,吉宗3,10,0,0,0,0,0,1/0.0,1/0.0,,1/0.0
A-MAX今井IC店,2023-04-04,4,神奈川県,ガールズパンツァーGこれが私の戦車道です,11,0,0,0,0,0,1/0.0,1/0.0,,1/0.0
A-MAX今井IC店,2023-04-04,4,神奈川県,STEINSGATE,12,0,0,0,0,0,1/0.0,1/0.0,,1/0.0
A-MAX今井IC店,2023-04-04,4,神奈川県,ルパン三世,13,500,-704,0,1,0,1/0.0,1/500.0,,1/500.0
A-MAX今井IC店,2023-04-04,4,神奈川県,えとたま,14,1178,344,8,4,0,1/147.2,1/294.5,,1/98.2
A-MAX今井IC店,2023-04-04,4,神奈川県,バイオハザード7レジデントイービル,15,256,-235,2,0,0,1/128.0,1/0.0,,1/128.0
A-MAX今井IC店,2023-04-04,4,神奈川県,エヴァンゲリオンフェスティバル,16,1276,-1035,1,3,0,1/1276.0,1/425.3,,1/319.0
A-MAX今井IC店,2023-04-04,4,神奈川県,BLACKLAGOONZERObulletMAX,17,0,0,0,0,0,1/0.0,1/0.0,,1/0.0
A-MAX今井IC店,2023-04-04,4,神奈川県,シャア専用パチスロ逆襲の赤い彗星,18,0,0,0,0,0,1/0.0,1/0.0,,1/0.0
A-MAX今井IC店,2023-04-04,4,神奈川県,ひぐらしのなく頃に祭2,19,1136,1200,6,1,0,1/189.3,1/1136.0,,1/162.3
A-MAX今井IC店,2023-04-04,4,神奈川県,鉄拳4,20,0,0,0,0,0,1/0.0,1/0.0,,1/0.0
A-MAX今井IC店,2023-04-04,4,神奈川県,青鬼,22,0,0,0,0,0,1/0.0,1/0.0,,1/0.0
A-MAX今井IC店,2023-04-04,4,神奈川県,ニューゲッターマウス,23,436,-83,2,1,0,1/218.0,1/436.0,,1/145.3
A-MAX今井IC店,2023-04-04,4,神奈川県,新鬼武者2,37,942,-649,5,2,0,1/188.4,1/471.0,,1/134.6
ARROW平塚店,2023-04-04,4,神奈川県,マイジャグラーV,683,2724,-603,8,7,0,1/340.5,1/389.1,1/0.0,1/181.6
ARROW平塚店,2023-04-04,4,神奈川県,マイジャグラーV,684,2510,296,11,4,0,1/228.2,1/627.5,1/0.0,1/167.3
ARROW平塚店,2023-04-04,4,神奈川県,マイジャグラーV,685,1448,-650,3,4,0,1/482.7,1/362.0,1/0.0,1/206.9
ARROW平塚店,2023-04-04,4,神奈川県,マイジャグラーV,686,260,-414,0,0,0,1/0.0,1/0.0,1/0.0,1/0.0
ARROW平塚店,2023-04-04,4,神奈川県,マイジャグラーV,687,3858,1598,17,18,0,1/226.9,1/214.3,1/0.0,1/110.2
ARROW平塚店,2023-04-04,4,神奈川県,マイジャグラーV,688,7179,-95,25,28,0,1/287.2,1/256.4,1/0.0,1/135.5
ARROW平塚店,2023-04-04,4,神奈川県,マイジャグラーV,689,205,-153,0,1,0,1/0.0,1/205.0,1/0.0,1/205.0
ARROW平塚店,2023-04-04,4,神奈川県,マイジャグラーV,690,7720,888,30,27,0,1/257.3,1/285.9,1/0.0,1/135.4
ARROW平塚店,2023-04-04,4,神奈川県,マイジャグラーV,691,4499,1456,19,20,0,1/236.8,1/224.9,1/0.0,1/115.4
ARROW平塚店,2023-04-04,4,神奈川県,マイジャグラーV,692,598,-295,1,0,0,1/598.0,1/0.0,1/0.0,1/598.0
ARROW平塚店,2023-04-04,4,神奈川県,マイジャグラーV,693,3654,-603,12,8,0,1/304.5,1/456.8,1/0.0,1/182.7
ARROW平塚店,2023-04-04,4,神奈川県,マイジャグラーV,694,2287,-1005,6,4,0,1/381.2,1/571.8,1/0.0,1/228.7
ARROW平塚店,2023-04-04,4,神奈川県,マイジャグラーV,695,1020,-698,2,1,0,1/510.0,1/1020.0,1/0.0,1/340.0
ARROW平塚店,2023-04-04,4,神奈川県,マイジャグラーV,696,922,-95,4,2,0,1/230.5,1/461.0,1/0.0,1/153.7
ARROW平塚店,2023-04-04,4,神奈川県,マイジャグラーV,697,1830,202,6,7,0,1/305.0,1/261.4,1/0.0,1/140.8
ARROW平塚店,2023-04-04,4,神奈川県,マイジャグラーV,698,7098,-745,16,35,0,1/443.6,1/202.8,1/0.0,1/139.2
ARROW平塚店,2023-04-04,4,神奈川県,マイジャグラーV,699,172,-153,0,0,0,1/0.0,1/0.0,1/0.0,1/0.0
ARROW平塚店,2023-04-04,4,神奈川県,マイジャグラーV,700,5569,1797,27,18,0,1/206.3,1/309.4,1/0.0,1/123.8
ARROW平塚店,2023-04-04,4,神奈川県,マイジャグラーV,701,138,-153,0,0,0,1/0.0,1/0.0,1/0.0,1/0.0
ARROW平塚店,2023-04-04,4,神奈川県,マイジャグラーV,702,2875,0,9,13,0,1/319.4,1/221.2,1/0.0,1/130.7
ARROW平塚店,2023-04-04,4,神奈川県,マイジャグラーV,703,1318,344,8,0,0,1/164.8,1/0.0,1/0.0,1/164.8
ARROW平塚店,2023-04-04,4,神奈川県,マイジャグラーV,733,3276,-792,9,11,0,1/364.0,1/297.8,1/0.0,1/163.8
ARROW平塚店,2023-04-04,4,神奈川県,マイジャグラーV,734,1454,-863,2,4,0,1/727.0,1/363.5,1/0.0,1/242.3
ARROW平塚店,2023-04-04,4,神奈川県,マイジャグラーV,735,3954,-1100,11,10,0,1/359.5,1/395.4,1/0.0,1/188.3
ARROW平塚店,2023-04-04,4,神奈川県,マイジャグラーV,736,5054,296,18,20,0,1/280.8,1/252.7,1/0.0,1/133.0
ARROW平塚店,2023-04-04,4,神奈川県,マイジャグラーV,737,2590,-1597,5,4,0,1/518.0,1/647.5,1/0.0,1/287.8
ARROW平塚店,2023-04-04,4,神奈川県,マイジャグラーV,738,1254,-745,2,2,0,1/627.0,1/627.0,1/0.0,1/313.5
ARROW平塚店,2023-04-04,4,神奈川県,マイジャグラーV,739,2008,-1597,1,5,0,1/2008.0,1/401.6,1/0.0,1/334.7
ARROW平塚店,2023-04-04,4,神奈川県,マイジャグラーV,740,1419,-461,4,2,0,1/354.8,1/709.5,1/0.0,1/236.5
ARROW平塚店,2023-04-04,4,神奈川県,マイジャグラーV,741,3050,-745,10,6,0,1/305.0,1/508.3,1/0.0,1/190.6
ARROW平塚店,2023-04-04,4,神奈川県,マイジャグラーV,742,8397,-95,30,25,0,1/279.9,1/335.9,1/0.0,1/152.7
ARROW平塚店,2023-04-04,4,神奈川県,マイジャグラーV,743,3261,-508,10,10,0,1/326.1,1/326.1,1/0.0,1/163.1
ARROW平塚店,2023-04-04,4,神奈川県,マイジャグラーV,744,3961,-1550,10,6,0,1/396.1,1/660.2,1/0.0,1/247.6
ARROW平塚店,2023-04-04,4,神奈川県,マイジャグラーV,745,3719,249,17,7,0,1/218.8,1/531.3,1/0.0,1/155.0
ARROW平塚店,2023-04-04,4,神奈川県,ファンキージャグラー2,708,5989,4781,39,27,0,1/153.6,1/221.8,1/0.0,1/90.7
ARROW平塚店,2023-04-04,4,神奈川県,ファンキージャグラー2,709,551,-248,1,1,0,1/551.0,1/551.0,1/0.0,1/275.5
ARROW平塚店,2023-04-04,4,神奈川県,ファンキージャグラー2,710,1354,-153,4,5,0,1/338.5,1/270.8,1/0.0,1/150.4
ARROW平塚店,2023-04-04,4,神奈川県,ファンキージャグラー2,711,2046,-461,5,7,0,1/409.2,1/292.3,1/0.0,1/170.5
ARROW平塚店,2023-04-04,4,神奈川県,ファンキージャグラー2,712,4297,1006,19,15,0,1/226.2,1/286.5,1/0.0,1/126.4
ARROW平塚店,2023-04-04,4,神奈川県,ファンキージャグラー2,713,847,-248,3,1,0,1/282.3,1/847.0,1/0.0,1/211.8
ARROW平塚店,2023-04-04,4,神奈川県,ファンキージャグラー2,714,642,-248,1,2,0,1/642.0,1/321.0,1/0.0,1/214.0
ARROW平塚店,2023-04-04,4,神奈川県,ファンキージャグラー2,715,332,-248,0,1,0,1/0.0,1/332.0,1/0.0,1/332.0
ARROW平塚店,2023-04-04,4,神奈川県,ファンキージャグラー2,716,2917,391,14,6,0,1/208.4,1/486.2,1/0.0,1/145.8
ARROW平塚店,2023-04-04,4,神奈川県,ファンキージャグラー2,717,443,-153,1,1,0,1/443.0,1/443.0,1/0.0,1/221.5
ARROW平塚店,2023-04-04,4,神奈川県,ファンキージャグラー2,718,749,-461,1,2,0,1/749.0,1/374.5,1/0.0,1/249.7
ARROW平塚店,2023-04-04,4,神奈川県,ファンキージャグラー2,719,6009,2599,31,23,0,1/193.8,1/261.3,1/0.0,1/111.3
ARROW平塚店,2023-04-04,4,神奈川県,ファンキージャグラー2,720,1439,154,6,5,0,1/239.8,1/287.8,1/0.0,1/130.8
ARROW平塚店,2023-04-04,4,神奈川県,ファンキージャグラー2,721,4111,-745,14,8,0,1/293.6,1/513.9,1/0.0,1/186.9
ARROW平塚店,2023-04-04,4,神奈川県,ファンキージャグラー2,722,7989,438,31,27,0,1/257.7,1/295.9,1/0.0,1/137.7
ARROW平塚店,2023-04-04,4,神奈川県,ファンキージャグラー2,723,1670,-698,4,4,0,1/417.5,1/417.5,1/0.0,1/208.8
ARROW平塚店,2023-04-04,4,神奈川県,ファンキージャグラー2,724,470,-153,2,0,0,1/235.0,1/0.0,1/0.0,1/235.0
ARROW平塚店,2023-04-04,4,神奈川県,ファンキージャグラー2,725,2992,2347,18,13,0,1/166.2,1/230.2,1/0.0,1/96.5
ARROW平塚店,2023-04-04,4,神奈川県,ファンキージャグラー2,726,2940,2095,18,12,0,1/163.3,1/245.0,1/0.0,1/98.0
ARROW平塚店,2023-04-04,4,神奈川県,ファンキージャグラー2,727,402,-95,1,1,0,1/402.0,1/402.0,1/0.0,1/201.0
ARROW平塚店,2023-04-04,4,神奈川県,ファンキージャグラー2,728,5651,3149,32,21,0,1/176.6,1/269.1,1/0.0,1/106.6
ARROW平塚店,2023-04-04,4,神奈川県,ファンキージャグラー2,729,283,-343,0,0,0,1/0.0,1/0.0,1/0.0,1/0.0
ARROW平塚店,2023-04-04,4,神奈川県,ファンキージャグラー2,730,3076,-47,11,9,0,1/279.6,1/341.8,1/0.0,1/153.8
ARROW平塚店,2023-04-04,4,神奈川県,ファンキージャグラー2,731,5706,-1147,16,17,0,1/356.6,1/335.6,1/0.0,1/172.9
ARROW平塚店,2023-04-04,4,神奈川県,ファンキージャグラー2,732,1693,-508,5,2,0,1/338.6,1/846.5,1/0.0,1/241.9
ARROW平塚店,2023-04-04,4,神奈川県,アイムジャグラーEXTP,664,2291,107,10,3,0,1/229.1,1/763.7,1/0.0,1/176.2
ARROW平塚店,2023-04-04,4,神奈川県,アイムジャグラーEXTP,665,1497,-295,6,2,0,1/249.5,1/748.5,1/0.0,1/187.1
ARROW平塚店,2023-04-04,4,神奈川県,アイムジャグラーEXTP,666,2880,202,12,11,0,1/240.0,1/261.8,1/0.0,1/125.2
ARROW平塚店,2023-04-04,4,神奈川県,アイムジャグラーEXTP,667,537,-295,1,1,0,1/537.0,1/537.0,1/0.0,1/268.5
ARROW平塚店,2023-04-04,4,神奈川県,アイムジャグラーEXTP,668,905,699,6,2,0,1/150.8,1/452.5,1/0.0,1/113.1
ARROW平塚店,2023-04-04,4,神奈川県,アイムジャグラーEXTP,669,2331,-650,6,8,0,1/388.5,1/291.4,1/0.0,1/166.5
ARROW平塚店,2023-04-04,4,神奈川県,アイムジャグラーEXTP,670,465,-248,1,1,0,1/465.0,1/465.0,1/0.0,1/232.5
ARROW平塚店,2023-04-04,4,神奈川県,アイムジャグラーEXTP,671,4235,746,17,18,0,1/249.1,1/235.3,1/0.0,1/121.0
ARROW平塚店,2023-04-04,4,神奈川県,アイムジャグラーEXTP,672,1515,107,5,7,0,1/303.0,1/216.4,1/0.0,1/126.2
ARROW平塚店,2023-04-04,4,神奈川県,アイムジャグラーEXTP,673,3207,1243,19,5,0,1/168.8,1/641.4,1/0.0,1/133.6
ARROW平塚店,2023-04-04,4,神奈川県,アイムジャグラーEXTP,674,1452,-414,4,4,0,1/363.0,1/363.0,1/0.0,1/181.5
ARROW平塚店,2023-04-04,4,神奈川県,アイムジャグラーEXTP,675,3852,1906,21,15,0,1/183.4,1/256.8,1/0.0,1/107.0
ARROW平塚店,2023-04-04,4,神奈川県,アイムジャグラーEXTP,676,1642,-1100,2,2,0,1/821.0,1/821.0,1/0.0,1/410.5
ARROW平塚店,2023-04-04,4,神奈川県,アイムジャグラーEXTP,677,1663,-461,5,3,0,1/332.6,1/554.3,1/0.0,1/207.9
ARROW平塚店,2023-04-04,4,神奈川県,アイムジャグラーEXTP,678,7576,2645,35,30,0,1/216.5,1/252.5,1/0.0,1/116.6
ARROW平塚店,2023-04-04,4,神奈川県,アイムジャグラーEXTP,679,1745,-1313,3,3,0,1/581.7,1/581.7,1/0.0,1/290.8
ARROW平塚店,2023-04-04,4,神奈川県,アイムジャグラーEXTP,680,3343,1006,13,17,0,1/257.2,1/196.6,1/0.0,1/111.4
ARROW平塚店,2023-04-04,4,神奈川県,アイムジャグラーEXTP,681,1268,-248,5,1,0,1/253.6,1/1268.0,1/0.0,1/211.3
ARROW平塚店,2023-04-04,4,神奈川県,アイムジャグラーEXTP,682,642,-508,0,1,0,1/0.0,1/642.0,1/0.0,1/642.0
ARROW平塚店,2023-04-04,4,神奈川県,スマスロ北斗の拳,570,6522,2049,92,21,0,1/70.9,1/310.6,1/0.0,1/57.7
ARROW平塚店,2023-04-04,4,神奈川県,スマスロ北斗の拳,571,5754,7764,117,16,0,1/49.2,1/359.6,1/0.0,1/43.3
ARROW平塚店,2023-04-04,4,神奈川県,スマスロ北斗の拳,572,8339,-2720,69,17,0,1/120.9,1/490.5,1/0.0,1/97.0
ARROW平塚店,2023-04-04,4,神奈川県,スマスロ北斗の拳,573,8131,-3882,60,21,0,1/135.5,1/387.2,1/0.0,1/100.4
ARROW平塚店,2023-04-04,4,神奈川県,スマスロ北斗の拳,574,7702,835,92,18,0,1/83.7,1/427.9,1/0.0,1/70.0
ARROW平塚店,2023-04-04,4,神奈川県,スマスロ北斗の拳,575,7998,-3516,55,20,0,1/145.4,1/399.9,1/0.0,1/106.6
ARROW平塚店,2023-04-04,4,神奈川県,スマスロ北斗の拳,576,7903,391,87,23,0,1/90.8,1/343.6,1/0.0,1/71.8
ARROW平塚店,2023-04-04,4,神奈川県,スマスロ北斗の拳,577,7088,-1821,58,18,0,1/122.2,1/393.8,1/0.0,1/93.3
ARROW平塚店,2023-04-04,4,神奈川県,スマスロ北斗の拳,578,7129,194,78,18,0,1/91.4,1/396.1,1/0.0,1/74.3
ARROW平塚店,2023-04-04,4,神奈川県,スマスロ北斗の拳,579,8350,-2417,75,13,0,1/111.3,1/642.3,1/0.0,1/94.9
ARROW平塚店,2023-04-04,4,神奈川県,押忍番長ZERO,519,837,107,0,1,7,1/0.0,1/837.0,1/119.6,1/104.6
ARROW平塚店,2023-04-04,4,神奈川県,押忍番長ZERO,520,971,249,0,2,9,1/0.0,1/485.5,1/107.9,1/88.3
ARROW平塚店,2023-04-04,4,神奈川県,押忍番長ZERO,521,1760,1196,0,5,20,1/0.0,1/352.0,1/88.0,1/70.4
ARROW平塚店,2023-04-04,4,神奈川県,押忍番長ZERO,522,2216,-745,0,3,14,1/0.0,1/738.7,1/158.3,1/130.4
ARROW平塚店,2023-04-04,4,神奈川県,押忍番長ZERO,523,1881,2049,0,3,24,1/0.0,1/627.0,1/78.4,1/69.7
ARROW平塚店,2023-04-04,4,神奈川県,押忍番長ZERO,524,1288,391,0,2,11,1/0.0,1/644.0,1/117.1,1/99.1
ARROW平塚店,2023-04-04,4,神奈川県,押忍番長ZERO,525,669,-461,0,1,3,1/0.0,1/669.0,1/223.0,1/167.2
ARROW平塚店,2023-04-04,4,神奈川県,押忍番長ZERO,526,1135,-1053,0,1,3,1/0.0,1/1135.0,1/378.3,1/283.8
ARROW平塚店,2023-04-04,4,神奈川県,押忍番長ZERO,527,2376,-461,0,3,15,1/0.0,1/792.0,1/158.4,1/132.0
ARROW平塚店,2023-04-04,4,神奈川県,HEYエリートサラリーマン鏡,562,2943,1645,0,7,10,1/0.0,1/420.4,1/294.3,1/173.1
ARROW平塚店,2023-04-04,4,神奈川県,HEYエリートサラリーマン鏡,563,2299,154,0,6,12,1/0.0,1/383.2,1/191.6,1/127.7
ARROW平塚店,2023-04-04,4,神奈川県,HEYエリートサラリーマン鏡,564,1060,959,0,4,6,1/0.0,1/265.0,1/176.7,1/106.0
ARROW平塚店,2023-04-04,4,神奈川県,HEYエリートサラリーマン鏡,565,5363,-414,0,11,25,1/0.0,1/487.5,1/214.5,1/149.0
ARROW平塚店,2023-04-04,4,神奈川県,HEYエリートサラリーマン鏡,566,1194,-1053,0,1,4,1/0.0,1/1194.0,1/298.5,1/238.8
ARROW平塚店,2023-04-04,4,神奈川県,HEYエリートサラリーマン鏡,567,4488,-1857,0,7,17,1/0.0,1/641.1,1/264.0,1/187.0
ARROW平塚店,2023-04-04,4,神奈川県,HEYエリートサラリーマン鏡,568,3919,-2073,0,2,12,1/0.0,1/1959.5,1/326.6,1/279.9
ARROW平塚店,2023-04-04,4,神奈川県,HEYエリートサラリーマン鏡,569,1895,-1502,0,1,7,1/0.0,1/1895.0,1/270.7,1/236.9
ARROW平塚店,2023-04-04,4,神奈川県,バイオハザードRE2,604,4241,-1195,24,0,24,1/176.7,1/0.0,1/176.7,1/88.4
ARROW平塚店,2023-04-04,4,神奈川県,バイオハザードRE2,605,3864,-4216,6,0,6,1/644.0,1/0.0,1/644.0,1/322.0
ARROW平塚店,2023-04-04,4,神奈川県,バイオハザードRE2,606,2159,1787,26,0,26,1/83.0,1/0.0,1/83.0,1/41.5
ARROW平塚店,2023-04-04,4,神奈川県,バイオハザードRE2,607,2391,-1147,11,0,11,1/217.4,1/0.0,1/217.4,1/108.7
ARROW平塚店,2023-04-04,4,神奈川県,バイオハザードRE2,608,1368,651,12,0,12,1/114.0,1/0.0,1/114.0,1/57.0
ARROW平塚店,2023-04-04,4,神奈川県,バイオハザードRE2,609,1182,-745,4,0,4,1/295.5,1/0.0,1/295.5,1/147.8
ARROW平塚店,2023-04-04,4,神奈川県,新鬼武者2,598,2419,-1821,0,0,7,1/0.0,1/0.0,1/345.6,1/345.6
ARROW平塚店,2023-04-04,4,神奈川県,新鬼武者2,599,2950,-863,0,10,21,1/0.0,1/295.0,1/140.5,1/95.2
ARROW平塚店,2023-04-04,4,神奈川県,新鬼武者2,600,7433,-4325,0,12,34,1/0.0,1/619.4,1/218.6,1/161.6
ARROW平塚店,2023-04-04,4,神奈川県,新鬼武者2,601,2414,0,0,6,19,1/0.0,1/402.3,1/127.1,1/96.6
ARROW平塚店,2023-04-04,4,神奈川県,新鬼武者2,602,7299,-343,0,24,52,1/0.0,1/304.1,1/140.4,1/96.0
ARROW平塚店,2023-04-04,4,神奈川県,新鬼武者2,603,3608,-2233,0,5,20,1/0.0,1/721.6,1/180.4,1/144.3
ARROW平塚店,2023-04-04,4,神奈川県,ディスクアップ2,649,2362,-1597,5,4,0,1/472.4,1/590.5,1/0.0,1/262.4
ARROW平塚店,2023-04-04,4,神奈川県,ディスクアップ2,650,2069,-1053,4,6,0,1/517.2,1/344.8,1/0.0,1/206.9
ARROW平塚店,2023-04-04,4,神奈川県,ディスクアップ2,651,2687,1409,14,6,0,1/191.9,1/447.8,1/0.0,1/134.3
ARROW平塚店,2023-04-04,4,神奈川県,ディスクアップ2,652,1870,-698,5,2,0,1/374.0,1/935.0,1/0.0,1/267.1
ARROW平塚店,2023-04-04,4,神奈川県,ディスクアップ2,653,4299,1202,17,9,0,1/252.9,1/477.7,1/0.0,1/165.3
ARROW平塚店,2023-04-04,4,神奈川県,バーサスリヴァイズ,629,1382,604,8,0,0,1/172.8,1/0.0,1/0.0,1/172.8
ARROW平塚店,2023-04-04,4,神奈川県,バーサスリヴァイズ,630,2592,1456,14,6,0,1/185.1,1/432.0,1/0.0,1/129.6
ARROW平塚店,2023-04-04,4,神奈川県,バーサスリヴァイズ,631,5702,107,17,22,0,1/335.4,1/259.2,1/0.0,1/146.2
ARROW平塚店,2023-04-04,4,神奈川県,バーサスリヴァイズ,632,1502,-1408,1,3,0,1/1502.0,1/500.7,1/0.0,1/375.5
ARROW平塚店,2023-04-04,4,神奈川県,バーサスリヴァイズ,633,3967,438,16,9,0,1/247.9,1/440.8,1/0.0,1/158.7
ARROW平塚店,2023-04-04,4,神奈川県,バジリスク絆2,580,1535,-343,13,0,6,1/118.1,1/0.0,1/255.8,1/80.8
ARROW平塚店,2023-04-04,4,神奈川県,バジリスク絆2,581,1174,-248,7,0,5,1/167.7,1/0.0,1/234.8,1/97.8
ARROW平塚店,2023-04-04,4,神奈川県,バジリスク絆2,582,117,-95,0,0,0,1/0.0,1/0.0,1/0.0,1/0.0
ARROW平塚店,2023-04-04,4,神奈川県,バジリスク絆2,583,2816,-153,14,0,16,1/201.1,1/0.0,1/176.0,1/93.9
ARROW平塚店,2023-04-04,4,神奈川県,バジリスク絆2,584,1098,-153,7,0,7,1/156.9,1/0.0,1/156.9,1/78.4
ARROW平塚店,2023-04-04,4,神奈川県,沖ドキDUO,640,581,-414,2,2,0,1/290.5,1/290.5,1/0.0,1/145.2
ARROW平塚店,2023-04-04,4,神奈川県,沖ドキDUO,641,755,-863,1,1,0,1/755.0,1/755.0,1/0.0,1/377.5
ARROW平塚店,2023-04-04,4,神奈川県,沖ドキDUO,642,505,-698,0,2,0,1/0.0,1/252.5,1/0.0,1/252.5
ARROW平塚店,2023-04-04,4,神奈川県,沖ドキDUO,643,2783,1054,24,8,0,1/116.0,1/347.9,1/0.0,1/87.0
ARROW平塚店,2023-04-04,4,神奈川県,沖ドキDUO,644,1477,-2073,1,2,0,1/1477.0,1/738.5,1/0.0,1/492.3
ARROW平塚店,2023-04-04,4,神奈川県,革命機ヴァルヴレイヴ,553,3411,1568,33,2,13,1/103.4,1/1705.5,1/262.4,1/71.1
ARROW平塚店,2023-04-04,4,神奈川県,革命機ヴァルヴレイヴ,554,491,-295,1,0,3,1/491.0,1/0.0,1/163.7,1/122.8
ARROW平塚店,2023-04-04,4,神奈川県,革命機ヴァルヴレイヴ,555,3763,-3176,16,2,13,1/235.2,1/1881.5,1/289.5,1/121.4
ARROW平塚店,2023-04-04,4,神奈川県,革命機ヴァルヴレイヴ,556,1288,-1005,3,2,4,1/429.3,1/644.0,1/322.0,1/143.1
ARROW平塚店,2023-04-04,4,神奈川県,革命機ヴァルヴレイヴ,557,896,2439,23,0,3,1/39.0,1/0.0,1/298.7,1/34.5
ARROW平塚店,2023-04-04,4,神奈川県,頭文字D,531,634,-792,0,0,1,1/0.0,1/0.0,1/634.0,1/634.0
ARROW平塚店,2023-04-04,4,神奈川県,頭文字D,532,340,509,3,0,6,1/113.3,1/0.0,1/56.7,1/37.8
ARROW平塚店,2023-04-04,4,神奈川県,頭文字D,533,133,107,0,0,1,1/0.0,1/0.0,1/133.0,1/133.0
ARROW平塚店,2023-04-04,4,神奈川県,頭文字D,534,63,0,1,0,0,1/63.0,1/0.0,1/0.0,1/63.0
ARROW平塚店,2023-04-04,4,神奈川県,頭文字D,535,40,-95,0,0,0,1/0.0,1/0.0,1/0.0,1/0.0
ARROW平塚店,2023-04-04,4,神奈川県,アクエリオンALLSTARS,590,107,-106,0,0,0,1/0.0,1/0.0,1/0.0,1/0.0
ARROW平塚店,2023-04-04,4,神奈川県,アクエリオンALLSTARS,591,8,-47,0,0,0,1/0.0,1/0.0,1/0.0,1/0.0
ARROW平塚店,2023-04-04,4,神奈川県,アクエリオンALLSTARS,592,866,-343,0,3,3,1/0.0,1/288.7,1/288.7,1/144.3
ARROW平塚店,2023-04-04,4,神奈川県,アクエリオンALLSTARS,593,0,0,0,0,0,1/0.0,1/0.0,1/0.0,1/0.0
ARROW平塚店,2023-04-04,4,神奈川県,バイオハザード7レジデントイービル,540,561,-556,0,0,2,1/0.0,1/0.0,1/280.5,1/280.5
ARROW平塚店,2023-04-04,4,神奈川県,バイオハザード7レジデントイービル,541,0,0,0,0,0,1/0.0,1/0.0,1/0.0,1/0.0
ARROW平塚店,2023-04-04,4,神奈川県,バイオハザード7レジデントイービル,542,3222,344,0,3,39,1/0.0,1/1074.0,1/82.6,1/76.7
ARROW平塚店,2023-04-04,4,神奈川県,バイオハザード7レジデントイービル,543,0,0,0,0,0,1/0.0,1/0.0,1/0.0,1/0.0
ARROW平塚店,2023-04-04,4,神奈川県,バキ強くなりたくば喰らえ,558,3071,-2920,0,10,13,1/0.0,1/307.1,1/236.2,1/133.5
ARROW平塚店,2023-04-04,4,神奈川県,バキ強くなりたくば喰らえ,559,639,-556,0,2,4,1/0.0,1/319.5,1/159.8,1/106.5
ARROW平塚店,2023-04-04,4,神奈川県,バキ強くなりたくば喰らえ,560,2743,-414,0,8,27,1/0.0,1/342.9,1/101.6,1/78.4
ARROW平塚店,2023-04-04,4,神奈川県,バキ強くなりたくば喰らえ,561,737,-650,0,2,2,1/0.0,1/368.5,1/368.5,1/184.2
ARROW平塚店,2023-04-04,4,神奈川県,ハッピージャグラーVIII,704,3041,107,12,10,0,1/253.4,1/304.1,1/0.0,1/138.2
ARROW平塚店,2023-04-04,4,神奈川県,ハッピージャグラーVIII,705,782,-414,2,0,0,1/391.0,1/0.0,1/0.0,1/391.0
ARROW平塚店,2023-04-04,4,神奈川県,ハッピージャグラーVIII,706,2824,-1100,8,4,0,1/353.0,1/706.0,1/0.0,1/235.3
ARROW平塚店,2023-04-04,4,神奈川県,ハッピージャグラーVIII,707,2374,-1360,3,9,0,1/791.3,1/263.8,1/0.0,1/197.8
ARROW平塚店,2023-04-04,4,神奈川県,ハナハナホウオウ天翔,656,2347,154,10,4,0,1/234.7,1/586.8,1/0.0,1/167.6
ARROW平塚店,2023-04-04,4,神奈川県,ハナハナホウオウ天翔,657,331,-414,0,0,0,1/0.0,1/0.0,1/0.0,1/0.0
ARROW平塚店,2023-04-04,4,神奈川県,ハナハナホウオウ天翔,658,307,-414,0,0,0,1/0.0,1/0.0,1/0.0,1/0.0
ARROW平塚店,2023-04-04,4,神奈川県,ハナハナホウオウ天翔,659,404,202,3,0,0,1/134.7,1/0.0,1/0.0,1/134.7
ARROW平塚店,2023-04-04,4,神奈川県,モンキーターンIV,536,1588,2187,0,2,16,1/0.0,1/794.0,1/99.2,1/88.2
ARROW平塚店,2023-04-04,4,神奈川県,モンキーターンIV,537,699,-343,0,1,2,1/0.0,1/699.0,1/349.5,1/233.0
ARROW平塚店,2023-04-04,4,神奈川県,モンキーターンIV,538,156,-153,0,0,0,1/0.0,1/0.0,1/0.0,1/0.0
ARROW平塚店,2023-04-04,4,神奈川県,モンキーターンIV,539,1245,-1147,0,2,3,1/0.0,1/622.5,1/415.0,1/249.0
ARROW平塚店,2023-04-04,4,神奈川県,新ハナビ,625,6551,1290,29,17,0,1/225.9,1/385.4,1/0.0,1/142.4
ARROW平塚店,2023-04-04,4,神奈川県,新ハナビ,626,1342,-461,3,3,0,1/447.3,1/447.3,1/0.0,1/223.7
ARROW平塚店,2023-04-04,4,神奈川県,新ハナビ,627,1248,-911,1,3,0,1/1248.0,1/416.0,1/0.0,1/312.0
ARROW平塚店,2023-04-04,4,神奈川県,新ハナビ,628,4011,-863,11,10,0,1/364.6,1/401.1,1/0.0,1/191.0
ARROW平塚店,2023-04-04,4,神奈川県,沖ドキGOLD,645,737,-201,4,0,0,1/184.2,1/0.0,1/0.0,1/184.2
ARROW平塚店,2023-04-04,4,神奈川県,沖ドキGOLD,646,1935,-47,13,4,0,1/148.8,1/483.8,1/0.0,1/113.8
ARROW平塚店,2023-04-04,4,神奈川県,沖ドキGOLD,647,600,-295,2,2,0,1/300.0,1/300.0,1/0.0,1/150.0
ARROW平塚店,2023-04-04,4,神奈川県,沖ドキGOLD,648,1481,959,15,2,0,1/98.7,1/740.5,1/0.0,1/87.1
ARROW平塚店,2023-04-04,4,神奈川県,甲鉄城のカバネリ,594,6059,-3126,0,21,28,1/0.0,1/288.5,1/216.4,1/123.7
ARROW平塚店,2023-04-04,4,神奈川県,甲鉄城のカバネリ,595,2899,-1408,0,9,13,1/0.0,1/322.1,1/223.0,1/131.8
ARROW平塚店,2023-04-04,4,神奈川県,甲鉄城のカバネリ,596,4468,-2371,0,10,21,1/0.0,1/446.8,1/212.8,1/144.1
ARROW平塚店,2023-04-04,4,神奈川県,甲鉄城のカバネリ,597,3727,-378,0,13,27,1/0.0,1/286.7,1/138.0,1/93.2
ARROW平塚店,2023-04-04,4,神奈川県,アラジンAクラシック,616,160,0,0,0,2,1/0.0,1/0.0,1/80.0,1/80.0
ARROW平塚店,2023-04-04,4,神奈川県,アラジンAクラシック,617,501,-508,0,0,2,1/0.0,1/0.0,1/250.5,1/250.5
ARROW平塚店,2023-04-04,4,神奈川県,アラジンAクラシック,618,2128,249,0,2,22,1/0.0,1/1064.0,1/96.7,1/88.7
ARROW平塚店,2023-04-04,4,神奈川県,ゼーガペイン2,550,117,-153,0,0,0,1/0.0,1/0.0,1/0.0,1/0.0
ARROW平塚店,2023-04-04,4,神奈川県,ゼーガペイン2,551,783,-603,0,1,1,1/0.0,1/783.0,1/783.0,1/391.5
ARROW平塚店,2023-04-04,4,神奈川県,ゼーガペイン2,552,2636,1906,6,6,11,1/439.3,1/439.3,1/239.6,1/114.6
ARROW平塚店,2023-04-04,4,神奈川県,ニューゲッターマウス,634,1700,651,10,5,0,1/170.0,1/340.0,1/0.0,1/113.3
ARROW平塚店,2023-04-04,4,神奈川県,ニューゲッターマウス,635,616,-556,0,3,0,1/0.0,1/205.3,1/0.0,1/205.3
ARROW平塚店,2023-04-04,4,神奈川県,ニューゲッターマウス,636,332,-201,1,0,0,1/332.0,1/0.0,1/0.0,1/332.0
ARROW平塚店,2023-04-04,4,神奈川県,ハードボイルド,637,5359,344,20,12,15,1/267.9,1/446.6,1/357.3,1/114.0
ARROW平塚店,2023-04-04,4,神奈川県,ハードボイルド,638,882,-95,3,2,3,1/294.0,1/441.0,1/294.0,1/110.2
ARROW平塚店,2023-04-04,4,神奈川県,ハードボイルド,639,3235,1006,12,9,15,1/269.6,1/359.4,1/215.7,1/89.9
ARROW平塚店,2023-04-04,4,神奈川県,ペルソナ5,619,221,-106,3,0,1,1/73.7,1/0.0,1/221.0,1/55.2
ARROW平塚店,2023-04-04,4,神奈川県,ペルソナ5,620,187,-295,0,0,0,1/0.0,1/0.0,1/0.0,1/0.0
ARROW平塚店,2023-04-04,4,神奈川県,ペルソナ5,621,141,-153,1,0,0,1/141.0,1/0.0,1/0.0,1/141.0
ARROW平塚店,2023-04-04,4,神奈川県,モンスターハンターワールドアイスボーン,610,2776,2690,0,0,34,1/0.0,1/0.0,1/81.6,1/81.6
ARROW平塚店,2023-04-04,4,神奈川県,モンスターハンターワールドアイスボーン,611,2876,-1867,0,0,8,1/0.0,1/0.0,1/359.5,1/359.5
ARROW平塚店,2023-04-04,4,神奈川県,モンスターハンターワールドアイスボーン,612,1090,-343,0,0,5,1/0.0,1/0.0,1/218.0,1/218.0
ARROW平塚店,2023-04-04,4,神奈川県,劇場版魔法少女まどか☆マギカ前編始まりの物語後編永遠の物語,587,796,391,0,0,12,1/0.0,1/0.0,1/66.3,1/66.3
ARROW平塚店,2023-04-04,4,神奈川県,劇場版魔法少女まどか☆マギカ前編始まりの物語後編永遠の物語,588,2689,1409,0,0,40,1/0.0,1/0.0,1/67.2,1/67.2
ARROW平塚店,2023-04-04,4,神奈川県,劇場版魔法少女まどか☆マギカ前編始まりの物語後編永遠の物語,589,0,0,0,0,0,1/0.0,1/0.0,1/0.0,1/0.0
ARROW平塚店,2023-04-04,4,神奈川県,戦姫絶唱シンフォギア勇気の歌,544,591,-556,0,2,2,1/0.0,1/295.5,1/295.5,1/147.8
ARROW平塚店,2023-04-04,4,神奈川県,戦姫絶唱シンフォギア勇気の歌,545,483,-95,0,4,3,1/0.0,1/120.8,1/161.0,1/69.0
ARROW平塚店,2023-04-04,4,神奈川県,戦姫絶唱シンフォギア勇気の歌,546,0,0,0,0,0,1/0.0,1/0.0,1/0.0,1/0.0
ARROW平塚店,2023-04-04,4,神奈川県,犬夜叉,613,4755,515,0,10,56,1/0.0,1/475.5,1/84.9,1/72.0
ARROW平塚店,2023-04-04,4,神奈川県,犬夜叉,614,95,-106,0,0,0,1/0.0,1/0.0,1/0.0,1/0.0
ARROW平塚店,2023-04-04,4,神奈川県,犬夜叉,615,120,-153,0,0,0,1/0.0,1/0.0,1/0.0,1/0.0
ARROW平塚店,2023-04-04,4,神奈川県,盾の勇者の成り上がり,547,4314,-295,0,14,74,1/0.0,1/308.1,1/58.3,1/49.0
ARROW平塚店,2023-04-04,4,神奈川県,盾の勇者の成り上がり,548,4619,-508,0,11,76,1/0.0,1/419.9,1/60.8,1/53.1
ARROW平塚店,2023-04-04,4,神奈川県,盾の勇者の成り上がり,549,1842,-863,0,5,17,1/0.0,1/368.4,1/108.4,1/83.7
ARROW平塚店,2023-04-04,4,神奈川県,真俺の空,528,530,-47,0,2,6,1/0.0,1/265.0,1/88.3,1/66.2
ARROW平塚店,2023-04-04,4,神奈川県,真俺の空,529,1235,1054,0,1,19,1/0.0,1/1235.0,1/65.0,1/61.8
ARROW平塚店,2023-04-04,4,神奈川県,真俺の空,530,0,0,0,0,0,1/0.0,1/0.0,1/0.0,1/0.0
ARROW平塚店,2023-04-04,4,神奈川県,花火絶景,622,2587,-1195,5,5,0,1/517.4,1/517.4,1/0.0,1/258.7
ARROW平塚店,2023-04-04,4,神奈川県,花火絶景,623,867,2000,5,2,0,1/173.4,1/433.5,1/0.0,1/123.9
ARROW平塚店,2023-04-04,4,神奈川県,花火絶景,624,454,-508,0,2,0,1/0.0,1/227.0,1/0.0,1/227.0
ARROW平塚店,2023-04-04,4,神奈川県,デビルメイクライ5,505,0,0,0,0,0,1/0.0,1/0.0,1/0.0,1/0.0
ARROW平塚店,2023-04-04,4,神奈川県,デビルメイクライ5,518,0,0,0,0,0,1/0.0,1/0.0,1/0.0,1/0.0
ARROW平塚店,2023-04-04,4,神奈川県,ニューパルサーDX3,660,1086,-650,1,3,0,1/1086.0,1/362.0,1/0.0,1/271.5
ARROW平塚店,2023-04-04,4,神奈川県,ニューパルサーDX3,661,678,-47,2,2,0,1/339.0,1/339.0,1/0.0,1/169.5
ARROW平塚店,2023-04-04,4,神奈川県,ニューパルサーSPIII,662,949,-414,1,3,0,1/949.0,1/316.3,1/0.0,1/237.2
ARROW平塚店,2023-04-04,4,神奈川県,ニューパルサーSPIII,663,2324,-295,7,5,0,1/332.0,1/464.8,1/0.0,1/193.7
ARROW平塚店,2023-04-04,4,神奈川県,ひぐらしのなく頃に祭2,654,827,-650,0,3,0,1/0.0,1/275.7,1/0.0,1/275.7
ARROW平塚店,2023-04-04,4,神奈川県,ひぐらしのなく頃に祭2,655,648,-343,1,1,0,1/648.0,1/648.0,1/0.0,1/324.0
ARROW平塚店,2023-04-04,4,神奈川県,リノヘブン,585,1193,-461,5,7,0,1/238.6,1/170.4,1/0.0,1/99.4
ARROW平塚店,2023-04-04,4,神奈川県,リノヘブン,586,567,-461,1,3,0,1/567.0,1/189.0,1/0.0,1/141.8
ARROW平塚店,2023-04-04,4,神奈川県,魔法少女育成計画,486,55,-47,1,0,0,1/55.0,1/0.0,1/0.0,1/55.0
ARROW平塚店,2023-04-04,4,神奈川県,魔法少女育成計画,507,0,0,0,0,0,1/0.0,1/0.0,1/0.0,1/0.0
ARROW平塚店,2023-04-04,4,神奈川県,この素晴らしい世界に祝福を,485,1017,-698,0,2,8,1/0.0,1/508.5,1/127.1,1/101.7
ARROW平塚店,2023-04-04,4,神奈川県,鉄拳4アルティメットデビルVer,487,2446,1101,6,0,7,1/407.7,1/0.0,1/349.4,1/188.2
ARROW平塚店,2023-04-04,4,神奈川県,マジカルハロウィンTrickorTreat,488,380,-248,2,0,0,1/190.0,1/0.0,1/0.0,1/190.0
ARROW平塚店,2023-04-04,4,神奈川県,ピンクパンサーSP,489,2948,-556,7,10,0,1/421.1,1/294.8,1/0.0,1/173.4
ARROW平塚店,2023-04-04,4,神奈川県,幼女戦記,490,3714,-2829,0,2,30,1/0.0,1/1857.0,1/123.8,1/116.1
ARROW平塚店,2023-04-04,4,神奈川県,十字架5,491,1645,-461,0,4,11,1/0.0,1/411.2,1/149.5,1/109.7
ARROW平塚店,2023-04-04,4,神奈川県,新世紀エヴァンゲリオン魂の共鳴,492,772,-153,0,1,7,1/0.0,1/772.0,1/110.3,1/96.5
ARROW平塚店,2023-04-04,4,神奈川県,FAIRYTAIL2,493,1836,154,0,5,13,1/0.0,1/367.2,1/141.2,1/102.0
ARROW平塚店,2023-04-04,4,神奈川県,Reゼロから始める異世界生活,494,0,0,0,0,0,1/0.0,1/0.0,1/0.0,1/0.0
ARROW平塚店,2023-04-04,4,神奈川県,マクロスデルタ,495,0,0,0,0,0,1/0.0,1/0.0,1/0.0,1/0.0
ARROW平塚店,2023-04-04,4,神奈川県,鉄拳5,496,3304,-768,8,2,11,1/413.0,1/1652.0,1/300.4,1/157.3
ARROW平塚店,2023-04-04,4,神奈川県,うしおととら雷槍一閃,497,338,-95,0,1,2,1/0.0,1/338.0,1/169.0,1/112.7
ARROW平塚店,2023-04-04,4,神奈川県,ダンまち外伝ソードオラトリア,498,0,0,0,0,0,1/0.0,1/0.0,1/0.0,1/0.0
ARROW平塚店,2023-04-04,4,神奈川県,ツインエンジェルPARTY,499,862,557,8,0,11,1/107.8,1/0.0,1/78.4,1/45.4
ARROW平塚店,2023-04-04,4,神奈川県,キャッツアイ,500,2441,699,16,0,17,1/152.6,1/0.0,1/143.6,1/74.0
ARROW平塚店,2023-04-04,4,神奈川県,サンダーVライトニング,501,1362,107,6,2,0,1/227.0,1/681.0,1/0.0,1/170.2
ARROW平塚店,2023-04-04,4,神奈川県,スーパーリオエース,502,3022,2782,20,0,13,1/151.1,1/0.0,1/232.5,1/91.6
ARROW平塚店,2023-04-04,4,神奈川県,麻雀格闘倶楽部真,503,1041,-153,0,0,6,1/0.0,1/0.0,1/173.5,1/173.5
ARROW平塚店,2023-04-04,4,神奈川県,BOOWY,504,0,0,0,0,0,1/0.0,1/0.0,1/0.0,1/0.0
ARROW平塚店,2023-04-04,4,神奈川県,アナターのオットはーです,506,8773,-698,0,28,30,1/0.0,1/313.3,1/292.4,1/151.3
ARROW平塚店,2023-04-04,4,神奈川県,緋弾のアリアII,508,1625,-295,0,3,21,1/0.0,1/541.7,1/77.4,1/67.7
ARROW平塚店,2023-04-04,4,神奈川県,とある科学の超電磁砲,509,6078,-2233,0,15,73,1/0.0,1/405.2,1/83.3,1/69.1
ARROW平塚店,2023-04-04,4,神奈川県,コードギアス反逆のルルーシュ3,510,423,-201,2,0,0,1/211.5,1/0.0,1/0.0,1/211.5
ARROW平塚店,2023-04-04,4,神奈川県,マッピー,511,6262,-1053,21,18,0,1/298.2,1/347.9,1/0.0,1/160.6
ARROW平塚店,2023-04-04,4,神奈川県,這いよれニャル子さん,512,1207,-414,6,0,5,1/201.2,1/0.0,1/241.4,1/109.7
ARROW平塚店,2023-04-04,4,神奈川県,笑ゥせぇるすまん4,513,667,202,8,4,0,1/83.4,1/166.8,1/0.0,1/55.6
ARROW平塚店,2023-04-04,4,神奈川県,絶対衝激III,514,2263,1385,37,0,7,1/61.2,1/0.0,1/323.3,1/51.4
ARROW平塚店,2023-04-04,4,神奈川県,主役は銭形3,515,986,-792,2,4,0,1/493.0,1/246.5,1/0.0,1/164.3
ARROW平塚店,2023-04-04,4,神奈川県,ドリフターズ,516,0,0,0,0,0,1/0.0,1/0.0,1/0.0,1/0.0
ARROW平塚店,2023-04-04,4,神奈川県,機動戦士ガンダムユニコーン,517,5568,-974,0,6,75,1/0.0,1/928.0,1/74.2,1/68.7
BEES鶴ケ峰店,2023-04-04,4,神奈川県,マイジャグラーV,10,467,-169,1,1,0,1/467.0,1/467.0,,1/233.5
BEES鶴ケ峰店,2023-04-04,4,神奈川県,マイジャグラーV,11,2128,35,7,6,0,1/304.0,1/354.7,,1/163.7
BEES鶴ケ峰店,2023-04-04,4,神奈川県,マイジャグラーV,12,7115,1047,31,19,0,1/229.5,1/374.5,,1/142.3
BEES鶴ケ峰店,2023-04-04,4,神奈川県,マイジャグラーV,13,298,-273,0,0,0,1/0.0,1/0.0,,1/0.0
BEES鶴ケ峰店,2023-04-04,4,神奈川県,マイジャグラーV,14,533,-145,2,1,0,1/266.5,1/533.0,,1/177.7
BEES鶴ケ峰店,2023-04-04,4,神奈川県,マイジャグラーV,15,1298,-1012,1,6,0,1/1298.0,1/216.3,,1/185.4
BEES鶴ケ峰店,2023-04-04,4,神奈川県,マイジャグラーV,16,984,64,4,2,0,1/246.0,1/492.0,,1/164.0
BEES鶴ケ峰店,2023-04-04,4,神奈川県,マイジャグラーV,17,2636,262,12,6,0,1/219.7,1/439.3,,1/146.4
BEES鶴ケ峰店,2023-04-04,4,神奈川県,マイジャグラーV,18,808,-529,1,2,0,1/808.0,1/404.0,,1/269.3
BEES鶴ケ峰店,2023-04-04,4,神奈川県,マイジャグラーV,19,420,-250,1,0,0,1/420.0,1/0.0,,1/420.0
BEES鶴ケ峰店,2023-04-04,4,神奈川県,マイジャグラーV,20,4332,52,17,11,0,1/254.8,1/393.8,,1/154.7
BEES鶴ケ峰店,2023-04-04,4,神奈川県,マイジャグラーV,21,803,17,3,3,0,1/267.7,1/267.7,,1/133.8
BEES鶴ケ峰店,2023-04-04,4,神奈川県,マイジャグラーV,22,694,-390,1,2,0,1/694.0,1/347.0,,1/231.3
BEES鶴ケ峰店,2023-04-04,4,神奈川県,マイジャグラーV,23,1151,-76,5,2,0,1/230.2,1/575.5,,1/164.4
BEES鶴ケ峰店,2023-04-04,4,神奈川県,マイジャグラーV,24,1563,-1081,2,3,0,1/781.5,1/521.0,,1/312.6
BEES鶴ケ峰店,2023-04-04,4,神奈川県,マイジャグラーV,25,2337,-192,9,5,0,1/259.7,1/467.4,,1/166.9
BEES鶴ケ峰店,2023-04-04,4,神奈川県,マイジャグラーV,26,2697,965,16,6,0,1/168.6,1/449.5,,1/122.6
BEES鶴ケ峰店,2023-04-04,4,神奈川県,マイジャグラーV,27,1197,-308,4,2,0,1/299.2,1/598.5,,1/199.5
BEES鶴ケ峰店,2023-04-04,4,神奈川県,マイジャグラーV,28,1028,-413,3,2,0,1/342.7,1/514.0,,1/205.6
BEES鶴ケ峰店,2023-04-04,4,神奈川県,ハッピージャグラーVIII,1,117,64,1,0,0,1/117.0,1/0.0,,1/117.0
BEES鶴ケ峰店,2023-04-04,4,神奈川県,ハッピージャグラーVIII,2,367,-424,0,0,0,1/0.0,1/0.0,,1/0.0
BEES鶴ケ峰店,2023-04-04,4,神奈川県,ハッピージャグラーVIII,3,1863,-262,7,7,0,1/266.1,1/266.1,,1/133.1
BEES鶴ケ峰店,2023-04-04,4,神奈川県,ハッピージャグラーVIII,4,2509,657,13,7,0,1/193.0,1/358.4,,1/125.5
BEES鶴ケ峰店,2023-04-04,4,神奈川県,ハッピージャグラーVIII,5,1507,-262,4,6,0,1/376.8,1/251.2,,1/150.7
BEES鶴ケ峰店,2023-04-04,4,神奈川県,ハッピージャグラーVIII,6,1619,110,7,4,0,1/231.3,1/404.8,,1/147.2
BEES鶴ケ峰店,2023-04-04,4,神奈川県,ハッピージャグラーVIII,7,528,-424,0,2,0,1/0.0,1/264.0,,1/264.0
BEES鶴ケ峰店,2023-04-04,4,神奈川県,ハッピージャグラーVIII,8,262,-343,0,0,0,1/0.0,1/0.0,,1/0.0
BEES鶴ケ峰店,2023-04-04,4,神奈川県,ハッピージャグラーVIII,9,966,-215,3,3,0,1/322.0,1/322.0,,1/161.0
BEES鶴ケ峰店,2023-04-04,4,神奈川県,ハッピージャグラーVIII,38,698,-413,2,0,0,1/349.0,1/0.0,,1/349.0
BEES鶴ケ峰店,2023-04-04,4,神奈川県,HEYエリートサラリーマン鏡,90,2133,2023,13,8,0,1/164.1,1/266.6,,1/101.6
BEES鶴ケ峰店,2023-04-04,4,神奈川県,HEYエリートサラリーマン鏡,91,0,0,0,0,0,1/0.0,1/0.0,,1/0.0
BEES鶴ケ峰店,2023-04-04,4,神奈川県,HEYエリートサラリーマン鏡,92,942,-541,4,2,0,1/235.5,1/471.0,,1/157.0
BEES鶴ケ峰店,2023-04-04,4,神奈川県,HEYエリートサラリーマン鏡,93,515,110,5,2,0,1/103.0,1/257.5,,1/73.6
BEES鶴ケ峰店,2023-04-04,4,神奈川県,HEYエリートサラリーマン鏡,94,768,-238,5,2,0,1/153.6,1/384.0,,1/109.7
BEES鶴ケ峰店,2023-04-04,4,神奈川県,HEYエリートサラリーマン鏡,100,358,-459,1,0,0,1/358.0,1/0.0,,1/358.0
BEES鶴ケ峰店,2023-04-04,4,神奈川県,HEYエリートサラリーマン鏡,101,206,-227,1,0,0,1/206.0,1/0.0,,1/206.0
BEES鶴ケ峰店,2023-04-04,4,神奈川県,HEYエリートサラリーマン鏡,102,191,-192,1,0,0,1/191.0,1/0.0,,1/191.0
BEES鶴ケ峰店,2023-04-04,4,神奈川県,HEYエリートサラリーマン鏡,103,2213,-192,15,6,0,1/147.5,1/368.8,,1/105.4
BEES鶴ケ峰店,2023-04-04,4,神奈川県,ファンキージャグラー2,29,599,-90,2,1,0,1/299.5,1/599.0,,1/199.7
BEES鶴ケ峰店,2023-04-04,4,神奈川県,ファンキージャグラー2,30,5291,1651,22,27,0,1/240.5,1/196.0,,1/108.0
BEES鶴ケ峰店,2023-04-04,4,神奈川県,ファンキージャグラー2,31,263,-355,0,0,0,1/0.0,1/0.0,,1/0.0
BEES鶴ケ峰店,2023-04-04,4,神奈川県,ファンキージャグラー2,32,331,-320,0,0,0,1/0.0,1/0.0,,1/0.0
BEES鶴ケ峰店,2023-04-04,4,神奈川県,ファンキージャグラー2,33,574,-297,1,2,0,1/574.0,1/287.0,,1/191.3
BEES鶴ケ峰店,2023-04-04,4,神奈川県,ファンキージャグラー2,34,3810,1965,23,10,0,1/165.7,1/381.0,,1/115.5
BEES鶴ケ峰店,2023-04-04,4,神奈川県,ファンキージャグラー2,35,217,-343,0,0,0,1/0.0,1/0.0,,1/0.0
BEES鶴ケ峰店,2023-04-04,4,神奈川県,ファンキージャグラー2,36,2745,-331,9,10,0,1/305.0,1/274.5,,1/144.5
BEES鶴ケ峰店,2023-04-04,4,神奈川県,ファンキージャグラー2,37,569,-599,0,1,0,1/0.0,1/569.0,,1/569.0
BEES鶴ケ峰店,2023-04-04,4,神奈川県,甲鉄城のカバネリ,84,808,-76,8,6,0,1/101.0,1/134.7,,1/57.7
BEES鶴ケ峰店,2023-04-04,4,神奈川県,甲鉄城のカバネリ,85,665,-215,4,3,0,1/166.2,1/221.7,,1/95.0
BEES鶴ケ峰店,2023-04-04,4,神奈川県,甲鉄城のカバネリ,86,682,983,13,5,0,1/52.5,1/136.4,,1/37.9
BEES鶴ケ峰店,2023-04-04,4,神奈川県,甲鉄城のカバネリ,87,1494,-64,19,6,0,1/78.6,1/249.0,,1/59.8
BEES鶴ケ峰店,2023-04-04,4,神奈川県,甲鉄城のカバネリ,88,1427,1779,25,6,0,1/57.1,1/237.8,,1/46.0
BEES鶴ケ峰店,2023-04-04,4,神奈川県,甲鉄城のカバネリ,89,1979,1558,31,10,0,1/63.8,1/197.9,,1/48.3
BEES鶴ケ峰店,2023-04-04,4,神奈川県,押忍番長ZERO,95,0,0,0,0,0,1/0.0,1/0.0,,1/0.0
BEES鶴ケ峰店,2023-04-04,4,神奈川県,押忍番長ZERO,96,863,1640,22,3,0,1/39.2,1/287.7,,1/34.5
BEES鶴ケ峰店,2023-04-04,4,神奈川県,押忍番長ZERO,97,517,-529,4,1,0,1/129.2,1/517.0,,1/103.4
BEES鶴ケ峰店,2023-04-04,4,神奈川県,押忍番長ZERO,98,343,913,12,1,0,1/28.6,1/343.0,,1/26.4
BEES鶴ケ峰店,2023-04-04,4,神奈川県,押忍番長ZERO,99,1004,-762,7,1,0,1/143.4,1/1004.0,,1/125.5
BEES鶴ケ峰店,2023-04-04,4,神奈川県,スマスロ北斗の拳,104,6163,6651,113,13,0,1/54.5,1/474.1,,1/48.9
BEES鶴ケ峰店,2023-04-04,4,神奈川県,スマスロ北斗の拳,105,6347,3279,91,15,0,1/69.7,1/423.1,,1/59.9
BEES鶴ケ峰店,2023-04-04,4,神奈川県,スマスロ北斗の拳,106,6856,-116,72,19,0,1/95.2,1/360.8,,1/75.3
BEES鶴ケ峰店,2023-04-04,4,神奈川県,とある科学の超電磁砲,64,0,0,0,0,0,1/0.0,1/0.0,,1/0.0
BEES鶴ケ峰店,2023-04-04,4,神奈川県,とある科学の超電磁砲,65,1316,-1105,8,5,0,1/164.5,1/263.2,,1/101.2
BEES鶴ケ峰店,2023-04-04,4,神奈川県,とある科学の超電磁砲,66,0,0,0,0,0,1/0.0,1/0.0,,1/0.0
BEES鶴ケ峰店,2023-04-04,4,神奈川県,戦姫絶唱シンフォギア勇気の歌,61,19,-28,0,0,0,1/0.0,1/0.0,,1/0.0
BEES鶴ケ峰店,2023-04-04,4,神奈川県,戦姫絶唱シンフォギア勇気の歌,62,1164,360,15,3,0,1/77.6,1/388.0,,1/64.7
BEES鶴ケ峰店,2023-04-04,4,神奈川県,戦姫絶唱シンフォギア勇気の歌,63,116,-180,0,0,0,1/0.0,1/0.0,,1/0.0
BEES鶴ケ峰店,2023-04-04,4,神奈川県,新鬼武者2,71,1115,-872,7,3,0,1/159.3,1/371.7,,1/111.5
BEES鶴ケ峰店,2023-04-04,4,神奈川県,新鬼武者2,72,553,-680,1,0,0,1/553.0,1/0.0,,1/553.0
BEES鶴ケ峰店,2023-04-04,4,神奈川県,新鬼武者2,73,2992,-1686,21,8,0,1/142.5,1/374.0,,1/103.2
BEES鶴ケ峰店,2023-04-04,4,神奈川県,機動戦士ガンダムユニコーン,54,3689,-2070,26,8,0,1/141.9,1/461.1,,1/108.5
BEES鶴ケ峰店,2023-04-04,4,神奈川県,機動戦士ガンダムユニコーン,55,482,215,20,1,0,1/24.1,1/482.0,,1/23.0
BEES鶴ケ峰店,2023-04-04,4,神奈川県,機動戦士ガンダムユニコーン,56,1087,-366,25,3,0,1/43.5,1/362.3,,1/38.8
BEES鶴ケ峰店,2023-04-04,4,神奈川県,バイオハザードRE2,69,2637,-570,22,22,0,1/119.9,1/119.9,,1/59.9
BEES鶴ケ峰店,2023-04-04,4,神奈川県,バイオハザードRE2,70,996,2116,23,23,0,1/43.3,1/43.3,,1/21.7
BEES鶴ケ峰店,2023-04-04,4,神奈川県,バキ強くなりたくば喰らえ,107,388,-599,0,2,0,1/0.0,1/194.0,,1/194.0
BEES鶴ケ峰店,2023-04-04,4,神奈川県,バキ強くなりたくば喰らえ,108,139,-203,0,1,0,1/0.0,1/139.0,,1/139.0
BEES鶴ケ峰店,2023-04-04,4,神奈川県,ペルソナ5,57,0,0,0,0,0,1/0.0,1/0.0,,1/0.0
BEES鶴ケ峰店,2023-04-04,4,神奈川県,ペルソナ5,58,0,0,0,0,0,1/0.0,1/0.0,,1/0.0
BEES鶴ケ峰店,2023-04-04,4,神奈川県,モンスターハンターワールドアイスボーン,67,3828,-1326,24,0,0,1/159.5,1/0.0,,1/159.5
BEES鶴ケ峰店,2023-04-04,4,神奈川県,モンスターハンターワールドアイスボーン,68,2315,401,20,0,0,1/115.8,1/0.0,,1/115.8
BEES鶴ケ峰店,2023-04-04,4,神奈川県,リノヘブン,111,0,0,0,0,0,1/0.0,1/0.0,,1/0.0
BEES鶴ケ峰店,2023-04-04,4,神奈川県,リノヘブン,112,0,0,0,0,0,1/0.0,1/0.0,,1/0.0
BEES鶴ケ峰店,2023-04-04,4,神奈川県,幼女戦記,52,10,8,0,0,0,1/0.0,1/0.0,,1/0.0
BEES鶴ケ峰店,2023-04-04,4,神奈川県,幼女戦記,53,15,-35,0,0,0,1/0.0,1/0.0,,1/0.0
BEES鶴ケ峰店,2023-04-04,4,神奈川県,戦国コレクション5,74,2977,1000,32,0,0,1/93.0,1/0.0,,1/93.0
BEES鶴ケ峰店,2023-04-04,4,神奈川県,戦国コレクション5,75,0,0,0,0,0,1/0.0,1/0.0,,1/0.0
BEES鶴ケ峰店,2023-04-04,4,神奈川県,新ハナビ,43,2161,-134,7,6,0,1/308.7,1/360.2,,1/166.2
BEES鶴ケ峰店,2023-04-04,4,神奈川県,新ハナビ,44,2728,-180,8,8,0,1/341.0,1/341.0,,1/170.5
BEES鶴ケ峰店,2023-04-04,4,神奈川県,沖ドキDUO,41,2355,-1430,10,3,0,1/235.5,1/785.0,,1/181.2
BEES鶴ケ峰店,2023-04-04,4,神奈川県,沖ドキDUO,42,1054,-831,3,3,0,1/351.3,1/351.3,,1/175.7
BEES鶴ケ峰店,2023-04-04,4,神奈川県,盾の勇者の成り上がり,59,156,-169,1,1,0,1/156.0,1/156.0,,1/78.0
BEES鶴ケ峰店,2023-04-04,4,神奈川県,盾の勇者の成り上がり,60,1326,-1058,15,7,0,1/88.4,1/189.4,,1/60.3
BEES鶴ケ峰店,2023-04-04,4,神奈川県,革命機ヴァルヴレイヴ,109,0,0,0,0,0,1/0.0,1/0.0,,1/0.0
BEES鶴ケ峰店,2023-04-04,4,神奈川県,革命機ヴァルヴレイヴ,110,2355,733,32,0,0,1/73.6,1/0.0,,1/73.6
BEES鶴ケ峰店,2023-04-04,4,神奈川県,ニューパルサーSPIII,39,53,-45,0,0,0,1/0.0,1/0.0,,1/0.0
BEES鶴ケ峰店,2023-04-04,4,神奈川県,ニューパルサーDX3,40,0,0,0,0,0,1/0.0,1/0.0,,1/0.0
BEES鶴ケ峰店,2023-04-04,4,神奈川県,ディスクアップ2,45,8748,-1326,25,19,0,1/349.9,1/460.4,,1/198.8
BEES鶴ケ峰店,2023-04-04,4,神奈川県,ひぐらしのなく頃に祭2,46,0,0,0,0,0,1/0.0,1/0.0,,1/0.0
BEES鶴ケ峰店,2023-04-04,4,神奈川県,楽園追放,47,3137,-215,42,11,0,1/74.7,1/285.2,,1/59.2
BEES鶴ケ峰店,2023-04-04,4,神奈川県,この素晴らしい世界に祝福を,48,1567,52,32,5,0,1/49.0,1/313.4,,1/42.4
BEES鶴ケ峰店,2023-04-04,4,神奈川県,モモキュンソード,49,0,0,0,0,0,1/0.0,1/0.0,,1/0.0
BEES鶴ケ峰店,2023-04-04,4,神奈川県,緋弾のアリアII,50,2263,733,48,9,0,1/47.1,1/251.4,,1/39.7
BEES鶴ケ峰店,2023-04-04,4,神奈川県,戦国無双3,51,355,-134,2,1,0,1/177.5,1/355.0,,1/118.3
BEES鶴ケ峰店,2023-04-04,4,神奈川県,這いよれニャル子さん,76,1093,-1035,4,3,0,1/273.2,1/364.3,,1/156.1
BEES鶴ケ峰店,2023-04-04,4,神奈川県,ボンバーガール,77,0,0,0,0,0,1/0.0,1/0.0,,1/0.0
BEES鶴ケ峰店,2023-04-04,4,神奈川県,スーパーリオエース,78,1685,-1244,7,1,0,1/240.7,1/1685.0,,1/210.6
BEES鶴ケ峰店,2023-04-04,4,神奈川県,スロドル,79,2214,-314,8,12,0,1/276.8,1/184.5,,1/110.7
BEES鶴ケ峰店,2023-04-04,4,神奈川県,バイオハザード7レジデントイービル,80,0,0,0,0,0,1/0.0,1/0.0,,1/0.0
BEES鶴ケ峰店,2023-04-04,4,神奈川県,魔法少女育成計画,81,6473,3186,34,89,0,1/190.4,1/72.7,,1/52.6
BEES鶴ケ峰店,2023-04-04,4,神奈川県,ハードボイルド,82,2034,-1523,4,4,0,1/508.5,1/508.5,,1/254.2
BEES鶴ケ峰店,2023-04-04,4,神奈川県,OVERLORD絶対支配者光臨II,83,1531,564,26,4,0,1/58.9,1/382.8,,1/51.0
